,2015,2016,2017,2018,2019
0,Blank Space,Hello,Starboy,Perfect,"Thank U, Next"
1,Take Me To Church,Sorry,Black Beatles,Rockstar,Without Me
2,Uptown Funk!,Hotline Bling,Closer,Havana,All I Want For Christmas Is You
3,Thinking Out Loud,Love Yourself,24K Magic,Gucci Gang,Sicko Mode
4,Lips Are Movin,What Do You Mean?,Juju On That Beat (TZ Anthem),No Limit,Sunflower (Spider-Man: Into The Spider-Verse)
5,I'm Not The Only One,Same Old Love,Side To Side,Thunder,High Hopes
6,Love Me Harder,The Hills,Let Me Love You,MotorSport,Happier
7,Jealous,Here,Don't Wanna Know,Too Good At Goodbyes,Jingle Bell Rock
8,Animals,Stitches,Bad Things,All I Want For Christmas Is You,Rockin' Around The Christmas Tree
9,All About That Bass,Like I'm Gonna Lose You,Fake Love,Bad At Love,A Holly Jolly Christmas
10,Shake It Off,679,Caroline,River,The Christmas Song (Merry Christmas To You)
11,I Don't F**k With You,In The Night,Heathens,Bodak Yellow (Money Moves),Drip Too Hard
12,The Heart Wants What It Wants,Jumpman,Bad And Boujee,New Rules,It's The Most Wonderful Time Of The Year
13,Wasted Love,On My Mind,Scars To Your Beautiful,Gummo,Girls Like You
14,Only,Can't Feel My Face,Broccoli,Him & I,ZEZE
15,Habits (Stay High),Antidote,All I Want For Christmas Is You,I Fall Apart,Rudolph The Red-Nosed Reindeer
16,Tuesday,Ex's & Oh's,Starving,What Lovers Do,Mo Bamba
17,Waves,All I Want For Christmas Is You,I Don't Wanna Live Forever (Fifty Shades Darker),Let You Down,Wake Up In The Sky
18,Don't,Stressed Out,OOOUUU,I Get The Bag,Money
19,Centuries,Don't,Love On The Brain,Feel It Still,"Let It Snow, Let It Snow, Let It Snow"
20,The Hanging Tree,Die A Happy Man,Bounce Back,Sorry Not Sorry,Eastside
21,Bang Bang,White Iverson,The Greatest,Love.,Breathin
22,No Type,Wildest Dreams,Hallelujah,Wolves,Better Now
23,11-Jul,Mary Did You Know,All Time Low,Shape Of You,Youngblood
24,Hot Boy,Lean On,I Feel It Coming,Mi Gente,Last Christmas
25,Blame,Roses,Treat You Better,Plain Jane,Sleigh Ride
26,Stay With Me,Watch Me,Rockin' Around The Christmas Tree,The Way Life Goes,Lucid Dreams
27,CoCo,Say It,Mercy,Meant To Be,Here Comes Santa Claus (Right Down Santa Claus Lane)
28,Beg For It,Burning House,Jingle Bell Rock,The Weekend,Feliz Navidad
29,Don't Tell 'Em,Confident,In The Name Of Love,Rockin' Around The Christmas Tree,Taki Taki
30,I Don't Mind,Trap Queen,I Hate U I Love U,How Long,MIA
31,Riptide,Perfect,Can't Stop The Feeling!,It's The Most Wonderful Time Of The Year,(There's No Place Like) Home For The Holidays
32,Black Widow,Focus,Blue Ain't Your Color,Young Dumb & Broke,Leave Me Alone
33,My Baby's Got A Smile On Her Face,Break Up In A Small Town,Don't Let Me Down,1-800-273-8255,White Christmas
34,All I Want For Christmas Is You,Where Ya At,Deja Vu,Bank Account,It's Beginning To Look A Lot Like Christmas
35,Heroes (We Could Be),No Role Modelz,Cheap Thrills,Despacito,Going Bad
36,Trumpets,Locked Away,This Town,The Christmas Song (Merry Christmas To You),A Lot
37,Shotgun Rider,Rockin' Around The Christmas Tree,Cold Water,A Holly Jolly Christmas,Trip
38,Stolen Dance,Where Are U Now,Chill Bill,Silence,I Like It
39,Chandelier,"Me, Myself & I",Love Me Now,Believer,Blue Christmas
40,Something In The Water,Hide Away,Both,Sky Walker,Speechless
41,Santa Tell Me,See You Again,Unsteady,End Game,Happy Xmas (War Is Over)
42,Feeling Myself,Good For You,X,Last Christmas,Christmas (Baby Please Come Home)
43,Lifestyle,Adventure Of A Lifetime,Feliz Navidad,Attention,Underneath The Tree
44,Rather Be,Again,"Mary, Did You Know?",Ric Flair Drip,Run Rudolph Run
45,Try Me,I Know What You Did Last Summer,A Holly Jolly Christmas,Lemon,Natural
46,Ghost,Cake By The Ocean,The Christmas Song (Merry Christmas To You),Unforgettable,Wow.
47,Anaconda,Exchange,It's The Most Wonderful Time Of The Year,That's What I Like,Love Lies
48,Rude,Cheerleader,Party Monster,Feliz Navidad,Jingle Bells
49,Night Changes,Drag Me Down,Last Christmas,Jingle Bell Rock,Beautiful
50,Talladega,My House,Water Under The Bridge,Roll In Peace,Better
51,"Touchin, Lovin",Hit The Quan,You Was Right,Let Me Go,Shallow
52,Velvet,Back Up,No Heart,Pills And Automobiles,Cozy Little Christmas
53,Hold You Down,WTF (Where They From),Neighbors,Kooda,She Got The Best Of Me
54,L.A.LOVE (la la),When We Were Young,Used To This,Rubbin Off The Paint,The Christmas Song
55,About The Money,Burning House,How Far I'll Go,Like I Loved You,Uproar
56,Sun Daze,Down In The DM,Do You Mind,Lights Down Low,Swervin
57,"Mary, Did You Know?",Stay A Little Longer,Party,Candy Paint,Can't Leave Without It
58,Perfect Storm,I'll Show You,Immortal,...Ready For It?,You Say
59,I Bet My Life,One Call Away,May We All,Greatest Love Story,Close To Me
60,I See You,Home Alone Tonight,Say You Won't Let Go,Good Old Days,Best Shot
61,Bed Of Lies,Hands To Myself,Wanna Be That Song,What About Us,Dangerous
62,Lost Without U,Gonna,Too Much Sauce,Marry Me,Be Alright
63,I Lived,Back To Sleep,Better Man,Codeine Dreaming,Drunk Me
64,Masterpiece,The Fix,Chantaje,I'll Name The Dogs,Startender
65,Lonely Tonight,Gonna Know We Were Here,Dirty Laundry,Yours,Look Back At It
66,Til It's Gone,Used To Love You,1 Night,Tennessee Rain,All My Friends
67,Dangerous,Do It Like Me,Redbone,The Race,BAD!
68,Prayer In C,You Should Be Here,Sneakin',Wish I Didn't Love You,Backin' It Up
69,Steal My Girl,Big Rings,Million Reasons,Round Here Buzz,Break Da Law
70,Close Your Eyes,I Got The Boy,A Guy With A Girl,My Dawg,Imagine
71,Drinking Class,Climb Every Mountain,Just Hold On,Light It Up,Talk To Me
72,Just Gettin' Started,I Love This Life,Song For Another Time,Tell Me You Love Me,Monster
73,Soldier,Back To Back,Pick Up The Phone,Pick It Up,Calling My Spirit
74,Sledgehammer,Lay It All On Me,Make Me (Cry),Echame La Culpa,Consequences
75,Make Me Wanna,Top Of The World,Star Of The Show,Look What You Made Me Do,Armed And Dangerous
76,G.D.F.R.,Stand By You,HandClap,Betrayed,Arms Around You
77,God Made Girls,Best Friend,How I'll Always Be,Losing Sleep,Nothing Breaks Like A Heart
78,She Knows,Irresistible,Rockabye,MIC Drop,Sixteen
79,Somewhere In My Car,New Americana,Alone,No Smoke,Burning Man
80,Often,$ave Dat Money,How Far I'll Go,I Could Use A Love Song,Beautiful Crazy
81,Mean To Me,The Feeling,All We Know,Ice Tray,When The Party's Over
82,Lost Stars,Blase,Change,You Broke Up With Me,Sweet But Psycho
83,Girl In A Country Song,Come Get Her,Dirt On My Boots,I Pray,This Feeling
84,Try,Nothin' Like You,Selfish,Wanted You,You
85,Shut Up And Dance,Good To Be Alive (Hallelujah),You're Welcome,Mayores,1.5
86,Time Of Our Lives,Dibs,Fresh Eyes,Walk On Water,Girl Like You
87,Get On Your Knees,Strip It Down,Sleep Without You,Dusk Till Dawn,Out For The Night
88,***Flawless,Downtown,She's Mine Pt.1,Written In The Sand,Good Girl
89,Apparently,God Only Knows,Ville Mentality,Home,No Stylist
90,Like A Cowboy,Backroad Song,OTW,F**k Love,Lovely
91,Body Language,Dessert,Red Opps,Believe,Ella Quiere Beber
92,No Love,Play No Games,For Whom The Bell Tolls,Juice,Gun Smoke
93,Break The Rules,Right Hand,Six Feet Under,Dark Knight Dummo,Demons And Angels
94,Lonely Eyes,Sorry Not Sorry,Reminder,When We,ASMR
95,Fireball,Beautiful Drug,Play That Song,Five More Minutes,Last Shot
96,Homegrown Honey,Smoke Break,Sidewalks,Too Much To Ask,Fine China
97,Wet Dreamz,Hollow,Foldin Clothes,Never Be The Same,Envy Me
98,Yellow Flicker Beat,Somebody To Love,Swang,All On Me,Lost In Japan
99,In Your Arms,Purpose,Versace On The Floor,Legends,This Is It
100,Uptown Funk!,Sorry,Bad And Boujee,God's Plan,7 Rings
101,Thinking Out Loud,Love Yourself,Shape Of You,Perfect,Without Me
102,Take Me To Church,Hello,Black Beatles,Havana,Sunflower (Spider-Man: Into The Spider-Verse)
103,Blank Space,Stressed Out,Closer,Rockstar,"Thank U, Next"
104,Shake It Off,Here,Starboy,Finesse,Sicko Mode
105,Sugar,Stitches,Bad Things,Bad At Love,High Hopes
106,Lips Are Movin,Same Old Love,Paris,Diplomatic Immunity,Happier
107,I'm Not The Only One,Roses,I Don't Wanna Live Forever (Fifty Shades Darker),New Rules,Wow.
108,Jealous,Hotline Bling,Don't Wanna Know,Thunder,Girls Like You
109,Centuries,What Do You Mean?,24K Magic,No Limit,Drip Too Hard
110,All About That Bass,Like I'm Gonna Lose You,Fake Love,MotorSport,Eastside
111,Love Me Harder,My House,Side To Side,Meant To Be,ZEZE
112,I Don't F**k With You,In The Night,Scars To Your Beautiful,Too Good At Goodbyes,Money
113,I Don't Mind,Jumpman,Caroline,Let You Down,Going Bad
114,The Heart Wants What It Wants,Don't,Bounce Back,Love.,Wake Up In The Sky
115,The Hanging Tree,"Me, Myself & I",Let Me Love You,Him & I,Mo Bamba
116,Only,White Iverson,Love On The Brain,Gucci Gang,Youngblood
117,Animals,The Hills,Juju On That Beat (TZ Anthem),Gummo,Taki Taki
118,11-Jul,Antidote,I Feel It Coming,I Fall Apart,MIA
119,Love Me Like You Do,679,Heathens,Bartier Cardi,Better Now
120,Time Of Our Lives,Hands To Myself,Broccoli,How Long,Leave Me Alone
121,No Type,Cake By The Ocean,All Time Low,Shape Of You,Breathin
122,CoCo,Say It,Starving,Bodak Yellow (Money Moves),Better
123,Ghost,I Know What You Did Last Summer,Can't Stop The Feeling!,I Get The Bag,Shallow
124,Tuesday,Die A Happy Man,Mercy,Feel It Still,Lucid Dreams
125,Stay With Me,One Call Away,Treat You Better,Wolves,Middle Child
126,Earned It (Fifty Shades Of Grey),On My Mind,Cheap Thrills,Plain Jane,Beautiful
127,Bang Bang,Watch Me,Castle On The Hill,Believer,Close To Me
128,Waves,Ex's & Oh's,This Town,Sky Walker,Twerk
129,Habits (Stay High),Hide Away,Say You Won't Let Go,End Game,Trip
130,Riptide,Down In The DM,Love Me Now,Roll In Peace,Speechless
131,Elastic Heart,Can't Feel My Face,iSpy,Sorry Not Sorry,Love Lies
132,Chandelier,Break Up In A Small Town,Don't Let Me Down,Filthy,Lost In The Fire
133,G.D.F.R.,Wildest Dreams,Water Under The Bridge,River,A Lot
134,Heroes (We Could Be),When We Were Young,Blue Ain't Your Color,Young Dumb & Broke,Sweet But Psycho
135,Don't,Lean On,Party Monster,Marry Me,Baby Shark
136,Style,See You Again,X,Never Be The Same,I Like It
137,She Knows,Perfect,Rockabye,Lights Down Low,Keanu Reeves
138,I Lived,Exchange,The Greatest,Ric Flair Drip,You Say
139,Prayer In C,Confident,Chill Bill,Lemon,Backin' It Up
140,I See You,No Role Modelz,Better Man,What Lovers Do,Dancing With A Stranger
141,Something In The Water,Stand By You,Cold Water,The Way Life Goes,Beautiful Crazy
142,Talladega,Again,T-Shirt,KEKE,Crushed Up
143,Sun Daze,Home Alone Tonight,Both,Mi Gente,Look Back At It
144,Rude,Best Friend,Party,Let Me Go,Envy Me
145,Night Changes,Stay A Little Longer,You Was Right,1-800-273-8255,Swervin
146,Don't Tell 'Em,Adventure Of A Lifetime,In The Name Of Love,Bank Account,First Off
147,Black Widow,Locked Away,Deja Vu,Attention,Burning Man
148,Sledgehammer,Back To Sleep,Used To This,Yours,Sixteen
149,Blame,Out Of The Woods,No Heart,Unforgettable,Natural
150,Lonely Tonight,Focus,A Guy With A Girl,Outside Today,Girl Like You
151,Stuck On A Feeling,Irresistible,Chantaje,Stir Fry,Be Alright
152,Take Your Time,Do It Like Me,I Got You,Pills And Automobiles,This Is It
153,FourFiveSeconds,Get Ugly,HandClap,All The Stars,Nothing Breaks Like A Heart
154,Make Me Wanna,Oui,Star Of The Show,Good Old Days,Undecided
155,Outside,I Love This Life,How Far I'll Go,Mine,This Feeling
156,Try Me,Backroad Song,Dirt On My Boots,Nowadays,Jumpin On A Jet
157,Feeling Myself,Sugar,Dirty Laundry,Pick It Up,Good Girl
158,Often,I Got The Boy,Selfish,Greatest Love Story,Uproar
159,Drinking Class,Heartbeat,Alone,Written In The Sand,Best Shot
160,Just Gettin' Started,Back Up,Swang,No Smoke,Ella Quiere Beber
161,Shotgun Rider,2 Phones,Make Me (Cry),Losing Sleep,Calling My Spirit
162,I Bet My Life,Big Rings,Redbone,Like I Loved You,Armed And Dangerous
163,Shut Up And Dance,Beautiful Drug,Wanna Be That Song,Five More Minutes,Arms Around You
164,Ayo,Break On Me.,Moves,Sick Boy,Never Stop
165,Mean To Me,The Fix,Seein' Red,This Is Me,Thotiana
166,Heartbeat Song,Sorry Not Sorry,How Far I'll Go,Heaven,You
167,Like A Cowboy,Dessert,Fresh Eyes,Echame La Culpa,Secreto
168,Til It's Gone,Drunk On Your Love,Play That Song,Rubbin Off The Paint,No Stylist
169,Apparently,You Should Be Here,Location,You Broke Up With Me,What Makes You Country
170,Truffle Butter,Dibs,Goosebumps,Supplies,Mixed Personalities
171,Beg For It,Emperor's New Clothes,OTW,Codeine Dreaming,Consequences
172,Throw Sum Mo,$ave Dat Money,Sneakin',Betrayed,Millionaire
173,Lonely Eyes,Gonna Know We Were Here,Kill A Word,Red Roses,Yosemite
174,God Made Girls,I'll Show You,Sober Saturday Night,One Foot,Saturday Nights
175,All About It,Really Really,Think A Little Less,La Modelo,Temptation
176,Ain't Worth The Whiskey,WTF (Where They From),Not Afraid Anymore,Rewrite The Stars,Ruin My Life
177,Perfect Storm,Confession,Red Opps,Candy Paint,Take It From Me
178,L.A.LOVE (la la),I Took A Pill In Ibiza,Call On Me,Tell Me You Love Me,Rocket Ship
179,Homegrown Honey,Nobody To Blame,Water,Round Here Buzz,Startender
180,Homegrown,Hollow,Congratulations,All On Me,Pure Water
181,Worth It,Walking On A Dream,80s Mercedes,No Name,Lovely
182,Take It On Back,Good To Be Alive (Hallelujah),Song For Another Time,King's Dead,F&N
183,Steal My Girl,Bang My Head,Neighbors,MIC Drop,Down To The Honkytonk
184,Uma Thurman,Mr. Misunderstood,Way Down We Go,Broken Halos,Body
185,Trap Queen,Let It Go,Timeless,Kooda,Love Someone
186,Body Language,New Americana,Sex With Me,Legends,When The Party's Over
187,Geronimo,Watch Out,Despacito,Wait,Nights Like This
188,Post To Be,Victorious,The Weekend,Best Friend,Pure Cocaine
189,Say You Do,We Went,Parachute,Ice Tray,Electricity
190,Not For Long,Play No Games,You're Welcome,Beautiful Trauma,On My Way To You
191,What We Ain't Got,Death Of A Bachelor,Today,IDGAF,Make It Sweet
192,The Body,Lay It All On Me,All We Know,Corazon,Love Wins
193,Somebody,Right Hand,Say It,Mayores,Talk To Me
194,Can't Stop Dancin',Middle,Not Nice,The Greatest Show,Murder On My Mind
195,Immortals,7 Years,Just Hold On,Never Enough,GIRL
196,Dangerous,Come Get Her,Beibs In The Trap,My Dawg,Roses
197,A Guy Walks Into A Bar,Lean & Dabb,Black,I'll Name The Dogs,Face My Fears
198,Slow Motion,Ginza,Down,Rock,Imagine
199,***Flawless,Acquainted,My Sh*t,Female,Call The Coroner
200,Uptown Funk!,Work,Shape Of You,God's Plan,7 Rings
201,Thinking Out Loud,Love Yourself,I Don't Wanna Live Forever (Fifty Shades Darker),Perfect,Without Me
202,Love Me Like You Do,Stressed Out,Bad And Boujee,Finesse,Sunflower (Spider-Man: Into The Spider-Verse)
203,Sugar,Sorry,Chained To The Rhythm,Havana,"Thank U, Next"
204,Take Me To Church,My House,Closer,Look Alive,Please Me
205,FourFiveSeconds,Pillowtalk,Bad Things,Rockstar,Happier
206,Blank Space,Hello,That's What I Like,All The Stars,Sicko Mode
207,Style,"Me, Myself & I",Love On The Brain,Meant To Be,"Break Up With Your Girlfriend, I'm Bored"
208,Earned It (Fifty Shades Of Grey),Roses,I Feel It Coming,Pray For Me,High Hopes
209,Lips Are Movin,Cake By The Ocean,Bounce Back,Stir Fry,Wow.
210,Time Of Our Lives,Hands To Myself,Paris,New Rules,Middle Child
211,I'm Not The Only One,One Call Away,Fake Love,Let You Down,Eastside
212,I Don't Mind,Stitches,24K Magic,The Middle,Thotiana
213,Centuries,When We Were Young,Starboy,Him & I,Murder On My Mind
214,Shake It Off,In The Night,Scars To Your Beautiful,Love.,Going Bad
215,Only,Don't,Black Beatles,Thunder,Money
216,Truffle Butter,Same Old Love,Don't Wanna Know,Bad At Love,A Lot
217,Jealous,Down In The DM,Million Reasons,Mine,Drip Too Hard
218,All About That Bass,Hotline Bling,Mercy,I Fall Apart,Girls Like You
219,Stay With Me,7 Years,iSpy,Lights Down Low,Better
220,Ghost,Here,Caroline,How Long,Shallow
221,She Knows,Uptown Funk!,Rockabye,MotorSport,ZEZE
222,Prayer In C,Jumpman,Say You Won't Let Go,King's Dead,Beautiful Crazy
223,I Don't F**k With You,I Took A Pill In Ibiza,Side To Side,Shape Of You,MIA
224,11-Jul,What Do You Mean?,Can't Stop The Feeling!,Gummo,Dancing With A Stranger
225,Energy,Hide Away,All Time Low,Bartier Cardi,Youngblood
226,Somebody,The Hills,Body Like A Back Road,No Limit,Robbery
227,I Bet My Life,Adventure Of A Lifetime,Let Me Love You,Never Be The Same,Better Now
228,G.D.F.R.,Like I'm Gonna Lose You,T-Shirt,Wolves,Sweet But Psycho
229,Chandelier,Say It,Down,Say Something,Be Alright
230,Riptide,Summer Sixteen,Water Under The Bridge,Young Dumb & Broke,Tequila
231,Ayo,Can't Feel My Face,Heathens,Feel It Still,Bury A Friend
232,Love Me Harder,Ex's & Oh's,Congratulations,Bodak Yellow (Money Moves),I Like It
233,One Last Time,679,Issues,River,You Say
234,Trap Queen,Die A Happy Man,Better Man,Outside Today,Leave Me Alone
235,CoCo,Antidote,Treat You Better,Marry Me,Wake Up In The Sky
236,Animals,I Know What You Did Last Summer,Broccoli,Sky Walker,Close To Me
237,No Type,Let It Go,This Town,Plain Jane,Baby Shark
238,Take Your Time,White Iverson,Dirt On My Boots,Wait,Look Back At It
239,Bang Bang,2 Phones,Starving,Ric Flair Drip,Mo Bamba
240,Elastic Heart,Stand By You,Party,Sorry Not Sorry,Lucid Dreams
241,Chains,Heartbeat,Cold,You Make It Easy,Envy Me
242,Outside,Exchange,I Got You,Love Lies,Swervin
243,The Heart Wants What It Wants,See You Again,Location,Five More Minutes,Taki Taki
244,Make Me Wanna,Oui,Moves,Too Good At Goodbyes,This Is It
245,Heartbeat Song,Wildest Dreams,Make Me (Cry),New Freezer,NASA
246,Lonely Tonight,Break Up In A Small Town,Sober Saturday Night,Gucci Gang,Backin' It Up
247,Shut Up And Dance,On My Mind,Juju On That Beat (TZ Anthem),Lemon,Needy
248,Tuesday,Lean On,Both,I Get The Bag,Red Room
249,Habits (Stay High),Back To Sleep,Deja Vu,Let Me Go,Talk
250,Wonderland,Best Friend,Love Me Now,Good Old Days,Girl Like You
251,Legend,Home Alone Tonight,Castle On The Hill,Walk It Talk It,Twerk
252,I See You,Out Of The Woods,The Fighter,Broken Halos,Bloodline
253,Post To Be,Make Me Like You,Bom Bidi Bom,Heaven,What Makes You Country
254,Night Changes,You Should Be Here,Despacito,X,Bad Idea
255,Sun Daze,Sugar,Think A Little Less,El Farsante,Pure Water
256,Mean To Me,Backroad Song,Swang,Dura,Fake Smile
257,10 Bands,Get Ugly,Party Monster,Friends,Imagine
258,Ain't Worth The Whiskey,Low Life,Play That Song,Written In The Sand,Take It From Me
259,Just Gettin' Started,Dibs,Used To This,Whatever It Takes,Mixed Personalities
260,Apparently,Drunk On Your Love,Goosebumps,Pick It Up,Lost In The Fire
261,Feeling Myself,Something In The Way You Move,Shining,Narcos,Ghostin
262,I Lived,My Church,No Favors,Most People Are Good,Nothing Breaks Like A Heart
263,Like A Cowboy,Beautiful Drug,Star Of The Show,You Broke Up With Me,This Feeling
264,Talking Body,Jimmy Choo,Seein' Red,Paramedic!,Undecided
265,Homegrown,Break On Me.,Believer,Betrayed,Millionaire
266,Drinking Class,Really Really,Today,Yours,Here Tonight
267,Blessings,Hollow,Guys My Age,The Ways,Calling My Spirit
268,Often,Confession,A Guy With A Girl,Plug Walk,Sixteen
269,Know Yourself,Middle,Call On Me,All On Me,Love Someone
270,Lonely Eyes,We Went,Helium,Tell Me You Love Me,Armed And Dangerous
271,Lay Me Down,Perfect,Fast,La Modelo,Nights Like This
272,Homegrown Honey,Nobody To Blame,Kill A Word,Nowadays,Close Friends
273,Only One,Needed Me,Look At Me!,No Smoke,In My Head
274,Stuck On A Feeling,Confident,In Case You Didn't Know,Hardaway,Put A Date On It
275,Geronimo,Stay A Little Longer,Any Ol' Barstool,Echame La Culpa,Pure Cocaine
276,The Hanging Tree,All I Ask,Heroe Favorito,Singles You Up,Down To The Honkytonk
277,Throw Sum Mo,I Like The Sound Of That,Chantaje,Red Roses,Ella Quiere Beber
278,Say You Do,Snapback,Slippery,When We,Lovely
279,Talladega,Youth,The Weekend,The Long Way,Talk You Out Of It
280,No Tellin',Cheap Thrills,Way Down We Go,Beautiful Trauma,Miss Me More
281,Preach,Acquainted,No Heart,KEKE,Body
282,6 God,Never Forget You,Not Nice,Big Shot,Burn Out
283,Used To,Sorry Not Sorry,Everything 1K,Candy Paint,Eyes On You
284,Take It On Back,Might Be,Everyday,This Is Me,Who Do You Love
285,A Guy Walks Into A Bar,Think Of You,Road Less Traveled,At The Club,365
286,Sledgehammer,Somewhere On A Beach,Rolex,Legends,Worth It
287,What Kind Of Man,Humble And Kind,Cash Me Outside (#CashMeOutside),Notice Me,When The Party's Over
288,Shots,Little Bit Of You,Selfish,Codeine Dreaming,Yosemite
289,Try Me,Good To Be Alive (Hallelujah),Wanna Be That Song,I Like Me Better,Shot Clock
290,The Body,Watch Out,How Far I'll Go,End Game,There Was This Girl
291,What We Ain't Got,Promise,Black,For You (Fifty Shades Freed),Con Calma
292,Little Red Wagon,Bang My Head,It Ain't Me,Get You,On My Way To You
293,Budapest,Irresistible,Yeah Boy,Corazon,Let Me Down Slowly
294,Now & Forever,$ave Dat Money,Sex With Me,Rock,Make Up
295,Slow Motion,History,Hurricane,IDGAF,Make It Sweet
296,6 Man,Do It Like Me,Some Kind Of Drug,Rubbin Off The Paint,Good Girl
297,Not For Long,That Don't Sound Like You,El Amante,One Foot,Arms Around You
298,Glory,I Love This Life,Redbone,Female,Startender
299,Go Hard Or Go Home,Dessert,Scared To Be Lonely,Mayores,One That Got Away
300,Uptown Funk!,Work,Shape Of You,God's Plan,7 Rings
301,Sugar,Love Yourself,That's What I Like,Meant To Be,Wow.
302,Thinking Out Loud,7 Years,Bad And Boujee,Finesse,Sunflower (Spider-Man: Into The Spider-Verse)
303,Love Me Like You Do,Stressed Out,I Don't Wanna Live Forever (Fifty Shades Darker),Psycho,Without Me
304,FourFiveSeconds,My House,I Feel It Coming,Perfect,Please Me
305,Earned It (Fifty Shades Of Grey),Pillowtalk,Tunnel Vision,Look Alive,Happier
306,Style,"Me, Myself & I",Love On The Brain,The Middle,Middle Child
307,Trap Queen,Sorry,Something Just Like This,Freaky Friday,Thotiana
308,Time Of Our Lives,Cake By The Ocean,Paris,Sad!,Sucker
309,G.D.F.R.,Dangerous Woman,iSpy,Havana,Shallow
310,Blank Space,I Took A Pill In Ibiza,Bounce Back,Mine,Eastside
311,Take Me To Church,No,Rockabye,Pray For Me,Going Bad
312,Somebody,Work From Home,Closer,Stir Fry,High Hopes
313,Truffle Butter,One Call Away,No Frauds,Never Be The Same,"Break Up With Your Girlfriend, I'm Bored"
314,Shut Up And Dance,Hands To Myself,Chained To The Rhythm,Walk It Talk It,Old Town Road
315,One Last Time,Hello,Cold,All The Stars,Better
316,Lips Are Movin,Roses,It Ain't Me,Ric Flair Drip,Dancing With A Stranger
317,Lay Me Down,2 Phones,Body Like A Back Road,Plug Walk,Sicko Mode
318,I Don't Mind,Never Forget You,Mask Off,Let You Down,Murder On My Mind
319,Chains,Stitches,Mercy,New Rules,Sweet But Psycho
320,Take Your Time,Don't,Say You Won't Let Go,Rockstar,"Thank U, Next"
321,Ayo,Down In The DM,24K Magic,In My Blood,A Lot
322,I'm Not The Only One,Youth,Down,Whatever It Takes,Girls Like You
323,Shake It Off,Jumpman,Issues,Thunder,Be Alright
324,All About That Bass,The Hills,Scars To Your Beautiful,Him & I,Beautiful Crazy
325,I Want You To Know,Middle,T-Shirt,Wait,Drip Too Hard
326,Want To Want Me,Oui,Stay,Lights Down Low,Close To Me
327,Heartbeat Song,Hotline Bling,Can't Stop The Feeling!,Heaven,Money
328,Centuries,Back To Sleep,Bad Things,I Fall Apart,Better Now
329,Outside,Exchange,Starboy,Friends,You Say
330,Only,Summer Sixteen,Fake Love,King's Dead,Pure Water
331,Post To Be,You Should Be Here,Congratulations,Feel It Still,Youngblood
332,Blessings,Panda,Swang,Say Something,Baby Shark
333,I Don't F**k With You,When We Were Young,Rolex,You Make It Easy,MIA
334,Animals,Low Life,Location,Marry Me,Look Back At It
335,She Knows,What Do You Mean?,Don't Wanna Know,Lemon,Envy Me
336,Stay With Me,Say It,Dirt On My Boots,Bad At Love,Robbery
337,Jealous,Let It Go,Million Reasons,Powerglide,ZEZE
338,Talking Body,Here,Green Light,Changes,Tequila
339,Riptide,679,Black Beatles,Outside Today,Talk
340,Homegrown,Hide Away,Let Me Love You,No Limit,Bury A Friend
341,11-Jul,Came Here To Forget,Believer,New Freezer,Mixed Personalities
342,Ain't Worth The Whiskey,Die A Happy Man,Water Under The Bridge,Love.,Act Up
343,Prayer In C,Drunk On Your Love,Party,Wolves,Swervin
344,Night Changes,Same Old Love,Heathens,MotorSport,I Like It
345,Chandelier,Like I'm Gonna Lose You,How Far I'll Go,Most People Are Good,Put A Date On It
346,Dear Future Husband,In The Night,Make Me (Cry),Bartier Cardi,Lucid Dreams
347,Elastic Heart,Ex's & Oh's,Slide,Moonlight,Taki Taki
348,No Type,White Iverson,Caroline,Love Lies,Con Calma
349,Lonely Eyes,Can't Feel My Face,Goosebumps,Singles You Up,Twerk
350,Throw Sum Mo,Sugar,Both,X,Here Tonight
351,Energy,Beautiful Drug,Castle On The Hill,Delicate,Who Do You Love
352,All Day,My Church,Despacito,Dura,Here With Me
353,I Bet My Life,Don't Let Me Down,Think A Little Less,IDGAF,Eyes On You
354,Homegrown Honey,Like I Would,Everyday,No Excuses,Worth It
355,"Honey, I'm Good.",Heartbeat,Redbone,Gummo,Bad Liar
356,Know Yourself,Best Friend,Deja Vu,Billy,Close Friends
357,Slow Motion,Humble And Kind,Play That Song,Broken Halos,Girls Need Love
358,Geronimo,Somewhere On A Beach,Selfish,Tell Me You Love Me,Good As You
359,I Bet,Confession,Perfect,Say Amen (Saturday Night),Miss Me More
360,King Kunta,Stand By You,Regret In Your Tears,Hardaway,Undrunk
361,Budapest,Really Really,Better Man,All On Me,Shot Clock
362,Legend,Try Everything,Galway Girl,El Farsante,Walk Me Home
363,CoCo,Snapback,Fast,Lost In Japan,Millionaire
364,Say You Do,Adventure Of A Lifetime,Look At Me!,Zombie,Down To The Honkytonk
365,The Blacker The Berry,Wild Things,Hurricane,Top Off,Whiskey Glasses
366,Believe,I Like The Sound Of That,Shining,Everyday,One That Got Away
367,Mean To Me,Think Of You,In Case You Didn't Know,The Long Way,This Is It
368,Watch Me,New Romantics,Heavy,Red Roses,Look What God Gave Her
369,Just Gettin' Started,Piece By Piece,Any Ol' Barstool,Japan,Pure Cocaine
370,Feeling Myself,Needed Me,Changed It,Pick It Up,There Was This Girl
371,Little Red Wagon,Something In The Way You Move,Chanel,Five More Minutes,Price On My Head
372,A Guy Walks Into A Bar,The Sound Of Silence,Moves,One Number Away,Saturday Nights
373,Nobody Love,Cut It,Draco,Tequila,Make It Sweet
374,Apparently,Promise,Call On Me,NBAYoungboat,I've Been Waiting
375,10 Bands,Acquainted,How Far I'll Go,I Like Me Better,Girl Like You
376,Smoke,Company,Party Monster,Betrayed,GIRL
377,Worth It,Jimmy Choo,Liability,Sit Next To Me,Confessions Of A Dangerous Mind
378,Raise 'Em Up,Lost Boy,Losin Control,No Smoke,Take It From Me
379,Lonely Tonight,T-Shirt,Road Less Traveled,Sativa,Splashin
380,Don't It,Nobody To Blame,Hometown Girl,She's With Me,Night Shift
381,See You Again,I Know What You Did Last Summer,I Got You,When We,I
382,Alright,Might Not,Kill A Word,I Lived It,Rumor
383,Fairly Local,Might Be,The Weekend,Nowadays,Wish You Were Gay
384,Immortals,Home Alone Tonight,Dive,44 More,I Can't Get Enough
385,The Heart Wants What It Wants,Mind Reader,Sober Saturday Night,Up Down,Hear Me Calling
386,I Really Like You,Cheap Thrills,The Fighter,This Is Me,Faucet Failure
387,You're So Beautiful,Little Bit Of You,Black,Beautiful Trauma,Talk You Out Of It
388,Make Me Wanna,Backroad Song,Today,Narcos,Tap
389,I See You,Saved,Selfish,Echame La Culpa,Calma
390,Wesley's Theory,We Went,Yeah Boy,Written In The Sand,Undecided
391,I Lived,That Don't Sound Like You,You're Welcome,Tempo,On My Way To You
392,Bills,Something New,Good Drank,Booty,Secreto
393,These Walls,Head Over Boots,Happier,La Modelo,Calling My Spirit
394,Girl Crush,Sorry Not Sorry,Prblms,For The First Time,Pop Out
395,Sippin' On Fire,Ride,Comin Out Strong,Rubbin Off The Paint,Lovely
396,She Don't Love You,Make Me Like You,Chantaje,The Remedy For A Broken Heart (Why Am I So In Love),Don't Call Me Up
397,Where Are U Now,Light It Up,El Amante,Dark Knight Dummo,Last Hurrah
398,Institutionalized,Break On Me.,Slippery,Get You,Empty
399,The Hanging Tree,Fast Car,Scared To Be Lonely,No Roots,Love Wins
400,See You Again,Panda,Humble.,Nice For What,Old Town Road
401,Uptown Funk!,7 Years,Shape Of You,God's Plan,Wow.
402,Earned It (Fifty Shades Of Grey),One Dance,That's What I Like,No Tears Left To Cry,Sunflower (Spider-Man: Into The Spider-Verse)
403,Sugar,Work,DNA.,Meant To Be,7 Rings
404,Trap Queen,I Took A Pill In Ibiza,Mask Off,Psycho,Sucker
405,Love Me Like You Do,Work From Home,iSpy,ATM,Without Me
406,Thinking Out Loud,No,Stay,The Middle,Dancing With A Stranger
407,Shut Up And Dance,Pillowtalk,Something Just Like This,Kevin's Heart,Talk
408,G.D.F.R.,Love Yourself,Despacito,Look Alive,Bad Guy
409,Somebody,"Me, Myself & I",XO TOUR Llif3,KOD,Middle Child
410,Want To Want Me,Cake By The Ocean,Body Like A Back Road,Perfect,Sweet But Psycho
411,Style,My House,Issues,Freaky Friday,Happier
412,One Last Time,Stressed Out,It Ain't Me,Never Be The Same,Please Me
413,Chains,Don't Let Me Down,Loyalty.,Photograph,"Break Up With Your Girlfriend, I'm Bored"
414,Post To Be,Dangerous Woman,Congratulations,Motiv8,Shallow
415,FourFiveSeconds,Never Forget You,Element.,I Like It,Going Bad
416,B**** Better Have My Money,Purple Rain,Say You Won't Let Go,Mine,Earth
417,Talking Body,Low Life,Love.,Walk It Talk It,Eastside
418,Time Of Our Lives,2 Phones,Paris,Call Out My Name,Better
419,Lay Me Down,When Doves Cry,Rockabye,1985 (Intro To The Fall Off),High Hopes
420,Take Your Time,Sorry,Tunnel Vision,Plug Walk,Thotiana
421,Truffle Butter,Oui,Sign Of The Times,Havana,Girls Like You
422,Blank Space,Needed Me,Cold,Be Careful,Pure Water
423,Dear Future Husband,Middle,I Feel It Coming,Friends,A Lot
424,Girl Crush,Pop Style,Location,Finesse,Sicko Mode
425,Take Me To Church,Close,Bad And Boujee,Whatever It Takes,Beautiful Crazy
426,Hey Mama,One Call Away,Passionfruit,Pray For Me,Be Alright
427,Blessings,Kiss,Closer,The Cut Off,Look Back At It
428,Ayo,Little Red Corvette,T-Shirt,Heaven,Close To Me
429,I Want You To Know,Stitches,Bounce Back,Brackets,Act Up
430,"Honey, I'm Good.",Let It Go,Love On The Brain,Sad!,Envy Me
431,Shake It Off,Exchange,Yah.,Rockstar,Sanguine Paradise
432,Throw Sum Mo,Roses,XXX.,New Rules,Drip Too Hard
433,Worth It,Jumpman,Swang,Wake Me Up!,Con Calma
434,All About That Bass,Hands To Myself,Feel.,Japan,Murder On My Mind
435,Lips Are Movin,Hello,I Don't Wanna Live Forever (Fifty Shades Darker),In My Blood,Bury A Friend
436,I'm Not The Only One,Don't,Pride.,Esskeetit,Here With Me
437,Slow Motion,Somewhere On A Beach,Chained To The Rhythm,You Make It Easy,When The Party's Over
438,I Really Like You,Let's Go Crazy,The Cure,Stir Fry,Clout
439,Where Are U Now,Down In The DM,Rolex,Powerglide,Boy With Luv
440,Homegrown,1999,24K Magic,Window Pain (Outro),"Thank U, Next"
441,Riptide,Just Like Fire,Lust.,Wait,Better Now
442,Nasty Freestyle,Cut It,Scars To Your Beautiful,Ric Flair Drip,God's Country
443,Heartbeat Song,Humble And Kind,Slide,All The Stars,Eyes On You
444,Budapest,Think Of You,In Case You Didn't Know,Thunder,You Say
445,Centuries,The Sound Of Silence,Goosebumps,Friends,Suge
446,I Don't Mind,Cheap Thrills,Can't Stop The Feeling!,Once An Addict (Interlude),Baby Shark
447,Only,The Hills,Both,Chun-Li,Whiskey Glasses
448,Jealous,Youth,Mercy,Let You Down,Here Tonight
449,Stay With Me,Lost Boy,Fear.,Feel It Still,Youngblood
450,Outside,Snapback,Believer,Drip,Racks In The Middle
451,Elastic Heart,Wild Things,Look At Me!,Delicate,Good As You
452,Sippin' On Fire,Came Here To Forget,Swalla,Intro,Look What God Gave Her
453,Watch Me,Confession,Blood.,King's Dead,Swervin
454,You Know You Like It,You Should Be Here,Hurricane,Boo'd Up,Who Do You Love
455,Drinking Class,T-Shirt,Redbone,X,Make It Sweet
456,Know Yourself,Back To Sleep,Down,OTW,Close Friends
457,Say You Do,Company,God.,No Excuses,Worth It
458,A Guy Walks Into A Bar,I Like The Sound Of That,Unforgettable,Love Lies,Miss Me More
459,Don't It,"Huntin', Fishin' & Lovin' Every Day",Portland,Bartier Cardi,Pop Out
460,All Day,My Church,Castle On The Hill,New Freezer,Night Shift
461,Raise 'Em Up,Famous,Dirt On My Boots,Most People Are Good,Walk Me Home
462,I Bet,Promise,Duckworth.,Tequila,Mixed Personalities
463,Geronimo,Father Stretch My Hands Pt. 1,Hometown Girl,One Kiss,I've Been Waiting
464,Ain't Worth The Whiskey,All The Way Up,How Far I'll Go,Say Something,You Should See Me In A Crown
465,Smoke,Summer Sixteen,Now Or Never,Everyday,Robbery
466,Energy,Team,The Fighter,Singles You Up,Rumor
467,King Kunta,Really Really,Heavy,One Number Away,Love Ain't
468,Nobody Love,Mind Reader,Any Ol' Barstool,Outside Today,Cool
469,Bright,Kiss It Better,Shining,I Do,Don't Call Me Up
470,Believe,Might Not,Party,Ring,Calma
471,Little Red Wagon,Never Be Like You,Drowning,Babe,Girls Need Love
472,Wild Child,Wicked,Cake,IDGAF,Wish You Were Gay
473,Get Low,Ride,Green Light,Te Bote,GIRL
474,Little Toy Guns,Acquainted,Black,Dura,Before I Let Go
475,Commas,Light It Up,Good Life,Zombie,Big Ole Freak
476,She Don't Love You,Body,The Weekend,I Like Me Better,Put A Date On It
477,Lonely Eyes,New Romantics,Peek A Boo,Barbie Tingz,Talk You Out Of It
478,Bills,Head Over Boots,Losin Control,Sit Next To Me,Shot Clock
479,Fight Song,Uber Everywhere,No Frauds,I Lived It,"Hey Look Ma, I Made It"
480,Prayer In C,That Don't Sound Like You,Yeah Boy,Dame Tu Cosita,I'm So Tired...
481,10 Bands,Piece By Piece,"God, Your Mama, And Me",Get Along,That's A Rack
482,Trouble,Drunk On Your Love,Call On Me,Changes,Secreto
483,Ride Out,If It Ain't Love,Moves,Up Down,Ocean Eyes
484,Diamond Rings And Old Barstools,Moolah,Fast,The Long Way,Bad Liar
485,Like A Wrecking Ball,Law,First Day Out,For The First Time,Kill This Love
486,Lean On,Saved,Black SpiderMan,El Farsante,SOS
487,The Matrimony,Little Bit Of You,Selfish,"Woman, Amen",Faucet Failure
488,Love You Like That,Ophelia,Deja Vu,Diamond Teeth Samurai,On My Way To You
489,Legend,Lights Come On,Everyday We Lit,Sativa,Slide
490,American Oxygen,Wasted Time,Scared To Be Lonely,This Is Me,Saturday Nights
491,Love Me Like You Mean It,Might Be,Gyalchester,Alone,Pure Cocaine
492,Sangria,I Hate U I Love U,Broken Halos,Red Roses,Love Someone
493,El Perdon (Forgiveness),Faded,Weak,Moonlight,This Is It
494,Feeling Myself,You Don't Own Me,How Not To,Everything's Gonna Be Alright,My Strange Addiction
495,Be Real,Noise,Good Drank,Cry Pretty,Shotta Flow
496,Baby Be My Love Song,Pt. 2,You Look Good,When We,Let Me Down Slowly
497,Imagine,Jimmy Choo,At My Best,Close,Xanny
498,Renegades,Let Me Love You,The Night We Met,Thru Your Phone,One That Got Away
499,House Of The Rising Sun,Fast Car,Craving You,Best Life,ME!
500,Bad Blood,One Dance,Despacito,Nice For What,Old Town Road
501,See You Again,Panda,That's What I Like,This Is America,I Don't Care
502,Trap Queen,Can't Stop The Feeling!,I'm The One,God's Plan,Bad Guy
503,Shut Up And Dance,7 Years,Shape Of You,Psycho,Sucker
504,Earned It (Fifty Shades Of Grey),Work From Home,Humble.,The Middle,Talk
505,Uptown Funk!,Don't Let Me Down,Something Just Like This,Yes Indeed,Wow.
506,Want To Want Me,I Took A Pill In Ibiza,Mask Off,Meant To Be,Sunflower (Spider-Man: Into The Spider-Verse)
507,Hey Mama,Work,XO TOUR Llif3,Boo'd Up,Dancing With A Stranger
508,Sugar,Pillowtalk,Stay,No Tears Left To Cry,ME!
509,Nasty Freestyle,Needed Me,Malibu,Fake Love,Sweet But Psycho
510,Love Me Like You Do,Love Yourself,Say You Won't Let Go,Friends,Without Me
511,"Honey, I'm Good.",This Is What You Came For,It Ain't Me,Look Alive,7 Rings
512,Talking Body,Never Forget You,Congratulations,Never Be The Same,Earfquake
513,Dear Future Husband,Dangerous Woman,Issues,Walk It Talk It,Suge
514,Post To Be,Stressed Out,iSpy,Perfect,Nightmare
515,Thinking Out Loud,My House,Body Like A Back Road,Be Careful,If I Can't Have You
516,Worth It,Cake By The Ocean,Sign Of The Times,Whatever It Takes,Middle Child
517,You Know You Like It,"Me, Myself & I",DNA.,Mine,Happier
518,Somebody,No,Location,I Like It,Wish Wish
519,Where Are U Now,Low Life,Believer,In My Blood,"Break Up With Your Girlfriend, I'm Bored"
520,G.D.F.R.,H.O.L.Y.,Passionfruit,Heaven,Higher
521,Girl Crush,Controlla,Bad And Boujee,Freaky Friday,High Hopes
522,Style,Pop Style,In Case You Didn't Know,Rockstar,Going Bad
523,B**** Better Have My Money,Close,Unforgettable,Havana,God's Country
524,Watch Me,Oui,Slide,Pray For Me,Eastside
525,Kick The Dust Up,Just Like Fire,Tunnel Vision,Plug Walk,Whiskey Glasses
526,Cheerleader,2 Phones,Closer,Wait,Con Calma
527,Chains,Let It Go,Rockabye,Chun-Li,Pure Water
528,Slow Motion,Sorry,Redbone,Better Now,Look Back At It
529,Fight Song,Lost Boy,Rolex,Call Out My Name,Better
530,This Summer's Gonna Hurt...,Don't Mind,T-Shirt,New Rules,Pop Out
531,Blank Space,My Boo,There's Nothing Holdin' Me Back,Sad!,Sicko Mode
532,Lean On,Too Good,Cold,All The Stars,Please Me
533,Shake It Off,Cheap Thrills,Hurricane,Delicate,Act Up
534,Budapest,Hype,Swang,Lucid Dreams,Girls Like You
535,Elastic Heart,Ride,Swalla,Love Lies,Shallow
536,Please,Exchange,Goosebumps,Finesse,Good As You
537,Pretty Girls,Middle,Now Or Never,One Number Away,Truth Hurts
538,Feeling Myself,Me Too,Castle On The Hill,You Make It Easy,Envy Me
539,One Last Time,Sorry,24K Magic,Te Bote,When The Party's Over
540,Take Your Time,Stitches,Scars To Your Beautiful,Powerglide,Beer Never Broke My Heart
541,Nasty,One Call Away,Paris,Overdose,Beautiful Crazy
542,Sangria,Cut It,Love On The Brain,One Kiss,Just Us
543,Flex (Ooh Ooh Ooh),Came Here To Forget,Both,Tequila,You Stay
544,Blessings,Somewhere On A Beach,Attention,Ric Flair Drip,Rumor
545,Time Of Our Lives,Humble And Kind,I Feel It Coming,Back To You,A Lot
546,All About That Bass,Still Here,Drowning,Dura,"Hey Look Ma, I Made It"
547,Take Me To Church,Roses,I Don't Wanna Live Forever (Fifty Shades Darker),X,Here With Me
548,Sippin' On Fire,Don't,Look At Me!,KOD,Look What God Gave Her
549,Bright,Grammys,Bounce Back,Ball For Me,Thotiana
550,The Night Is Still Young,All The Way Up,Love.,IDGAF,I Think
551,Don't It,T-Shirt,Slippery,Japan,Celebrate
552,Smoke,Wild Things,The Cure,All Girls Are The Same,Homicide
553,Fun,Snapback,Heavy,Done For Me,Eyes On You
554,Truffle Butter,Childs Play,Magnolia,I Like Me Better,Bury A Friend
555,Lay Me Down,"Huntin', Fishin' & Lovin' Every Day",If I Told You,Esskeetit,Clout
556,Be Real,Mind Reader,Black,Up Down,Jealous
557,Photograph,Never Be Like You,Portland,For The First Time,Walk Me Home
558,Ayo,With You,Bon Appetit,Get Along,Close Friends
559,All Day,9,Slow Hands,Watch,Miss Me More
560,Commas,Feel No Ways,The Fighter,King's Dead,Murder On My Mind
561,Love Me Like You Mean It,Wicked,Rollin,Dame Tu Cosita,Worth It
562,Old Man,Formation,Everyday We Lit,Sit Next To Me,Sanguine Paradise
563,Wild Child,My Church,1-800-273-8255,I Lived It,Put A Date On It
564,Little Toy Guns,Think Of You,"God, Your Mama, And Me",Rich & Sad,Running Out Of Time
565,FourFiveSeconds,The Sound Of Silence,Loyalty.,Paranoid,Love Ain't
566,Homegrown,Wherever I Go,First Day Out,Shoota,Igor's Theme
567,Flashlight,U With Me?,Losin Control,Change Lanes,Cool
568,I Want You To Know,The Fighter,The Weekend,OTW,GIRL
569,Uma Thurman,Body,Element.,Alone,New Magic Wand
570,Heartbeat Song,Uber Everywhere,Craving You,Mercy,Boy With Luv
571,Love You Like That,If It Ain't Love,At My Best,Drip,Big Ole Freak
572,I Need Your Love,Wasted Time,Privacy,Like That,Who Do You Love
573,Classic Man,Hold Up,How Not To,"Woman, Amen",A Boy Is A Gun
574,Like A Wrecking Ball,Fire & Desire,Human,New Freezer,Racks In The Middle
575,Wet Dreamz,I Hate U I Love U,Wokeuplikethis*,Everything's Gonna Be Alright,Soltera
576,One Hell Of An Amen,You Don't Own Me,Scared To Be Lonely,Spoil My Night,Before I Let Go
577,The Matrimony,Kiss It Better,Hometown Girl,Singles You Up,Earth
578,Know Yourself,Church Bells,My Girl,Southside,Don't Call Me Up
579,I Really Like You,Might Not,Bad Liar,Life Goes On,Someone You Loved
580,Baby Be My Love Song,Head Over Boots,Every Time I Hear That Song,Most People Are Good,Knockin' Boots
581,Energy,Record Year,Prblms,Let It Sing,Girls Need Love
582,Believe,Redemption,You Look Good,Sangria Wine,Love Someone
583,Raise 'Em Up,Weston Road Flows,Yeah Boy,Welcome To The Party,Robbery
584,Diamond Rings And Old Barstools,Keep The Family Close,Drinkin' Problem,Zombie,What's Good
585,I Bet,No Problem,Flatliner,Champion,What If I Never Get Over You
586,El Perdon (Forgiveness),Light It Up,My Old Man,Red Roses,Shotta Flow
587,Beautiful Now,Law,Chained To The Rhythm,Stay,Puppet
588,How Many Times,Piece By Piece,Good Drank,ATM,Talk You Out Of It
589,King Kunta,Faithful,Good Life,Sativa,Night Shift
590,Crash And Burn,Lights Come On,Any Ol' Barstool,Everyday,Weather The Storm
591,Change My Mind,THat Part,Whatever It Takes,Kevin's Heart,Go Loko
592,She Don't Love You,Blessings,Felices Los 4,No Excuses,All To Myself
593,Tonight Looks Good On You,I'm Sorry,Thunder,Moonlight,Triggered
594,Get Low,Messin' Around,No Promises,Lust,On My Way To You
595,Crushin' It,Moolah,Cake,Gucci Flip Flops,Calma
596,Stressed Out,Faded,El Amante,Outside Today,24-Jul
597,Renegades,Noise,Ghost In This House,Downtown's Dead,Here Tonight
598,Games,Unsteady,Do Re Mi,Don't Go Breaking My Heart,Baila Baila Baila
599,I Don't Get Tired (#IDGT),Promise,Me Enamore,El Farsante,Te Robare
600,See You Again,One Dance,Despacito,I Like It,Old Town Road
601,Bad Blood,Can't Stop The Feeling!,I'm The One,Sad!,Senorita
602,Trap Queen,Panda,That's What I Like,Lucid Dreams,Bad Guy
603,Cheerleader,Don't Let Me Down,Shape Of You,Girls Like You,Talk
604,Shut Up And Dance,Work From Home,Humble.,Psycho,I Don't Care
605,Uptown Funk!,This Is What You Came For,Mask Off,Nice For What,Sucker
606,Want To Want Me,Needed Me,Something Just Like This,Boo'd Up,Suge
607,Hey Mama,Cheap Thrills,Stay,No Tears Left To Cry,Money In The Grave
608,"Honey, I'm Good.",I Took A Pill In Ibiza,Congratulations,God's Plan,No Guidance
609,Earned It (Fifty Shades Of Grey),Don't Mind,XO TOUR Llif3,Meant To Be,Wow.
610,Watch Me,7 Years,Body Like A Back Road,Yes Indeed,Truth Hurts
611,Can't Feel My Face,Just Like Fire,Say You Won't Let Go,The Middle,Sunflower (Spider-Man: Into The Spider-Verse)
612,Fight Song,Ride,Issues,Moonlight,You Need To Calm Down
613,Worth It,Close,Redbone,Better Now,If I Can't Have You
614,Where Are U Now,Dangerous Woman,Believer,Plug Walk,Dancing With A Stranger
615,Talking Body,Work,2U,Mine,Panini
616,Lean On,H.O.L.Y.,It Ain't Me,Perfect,Without Me
617,You Know You Like It,Me Too,Unforgettable,Changes,God's Country
618,Sugar,Love Yourself,There's Nothing Holdin' Me Back,Apes**t,Pop Out
619,Thinking Out Loud,Send My Love (To Your New Lover),Now Or Never,Delicate,MEGATRON
620,Post To Be,Stressed Out,Castle On The Hill,Tequila,Sweet But Psycho
621,The Hills,Never Forget You,iSpy,Friends,Rodeo
622,Nasty Freestyle,Controlla,Bad Liar,In My Blood,7 Rings
623,Love Me Like You Do,Lost Boy,Slow Hands,This Is America,"Hey Look Ma, I Made It"
624,This Summer's Gonna Hurt...,Cake By The Ocean,Malibu,Jocelyn Flores,Happier
625,Flex (Ooh Ooh Ooh),Pillowtalk,Rolex,I'm Upset,Rumor
626,Girl Crush,Let It Go,Attention,Look Alive,Never Really Over
627,B**** Better Have My Money,My House,Location,Never Be The Same,Whiskey Glasses
628,Slow Motion,Too Good,Sign Of The Times,Walk It Talk It,The Git Up
629,Elastic Heart,Low Life,Swalla,Taste,The London
630,The Night Is Still Young,All The Way Up,In Case You Didn't Know,Whatever It Takes,ME!
631,Take Your Time,"Me, Myself & I",DNA.,Be Careful,High Hopes
632,Budapest,Sorry,Magnolia,Rockstar,Beer Never Broke My Heart
633,Photograph,Oui,Closer,F**k Love,Act Up
634,Dear Future Husband,Cut It,Bad And Boujee,Back To You,Eastside
635,Kick The Dust Up,Never Be Like You,Slippery,One Kiss,Middle Child
636,Somebody,"Huntin', Fishin' & Lovin' Every Day",Everyday We Lit,Love Lies,Con Calma
637,Style,Sorry,Goosebumps,Heaven,Pure Water
638,Sangria,Unsteady,24K Magic,Havana,Cross Me
639,Shake It Off,For Free,Tunnel Vision,New Rules,Going Bad
640,G.D.F.R.,Humble And Kind,T-Shirt,I Like Me Better,Better
641,Blank Space,2 Phones,Drowning,All Girls Are The Same,Shallow
642,Be Real,Wicked,Hurricane,Te Bote,Press
643,Fun,Kill Em With Kindness,Strip That Down,Get Along,Speechless
644,Bright,Pop Style,Passionfruit,Simple,Sicko Mode
645,Love Me Like You Mean It,Exchange,Slide,Everybody Dies In Their Nightmares,Earfquake
646,Little Toy Guns,T-Shirt,The Fighter,Freaky Friday,Look Back At It
647,Blessings,Church Bells,The Cure,Mercy,Shotta Flow
648,Uma Thurman,Really Really,Scars To Your Beautiful,One Number Away,"Break Up With Your Girlfriend, I'm Bored"
649,Classic Man,Into You,Swang,Wait,Nightmare
650,Tonight Looks Good On You,Uber Everywhere,"God, Your Mama, And Me",Sit Next To Me,Ran$om
651,House Party,Wild Things,Craving You,Youngblood,Go Loko
652,Like A Wrecking Ball,Lights Come On,To The Max,Up Down,Someone You Loved
653,Love You Like That,No,Look At Me!,All Mine,Look What God Gave Her
654,Commas,I Hate U I Love U,Crying In The Club,The Remedy For A Broken Heart (Why Am I So In Love),Cool
655,Diamond Rings And Old Barstools,Wake Up,First Day Out,Big Bank,Clout
656,Crash And Burn,Wasted Time,How Not To,Dura,One Thing Right
657,Baby Be My Love Song,Somewhere On A Beach,Love.,Sober,Good As You
658,One Last Time,Head Over Boots,You Look Good,Ball For Me,Worth It
659,Sippin' On Fire,From The Ground Up,My Girl,Bigger > You,Just Us
660,Wet Dreamz,Record Year,Every Time I Hear That Song,Say Amen (Saturday Night),Knockin' Boots
661,Buy Me A Boat,Came Here To Forget,Swish Swish,Chun-Li,Walk Me Home
662,Loving You Easy,Treat You Better,If I Told You,Japan,GIRL
663,One Hell Of An Amen,Wherever I Go,Cold,X,Easier
664,I Really Like You,Body,Felices Los 4,Legends,Please Me
665,Don't It,The Sound Of Silence,Portland,Everything's Gonna Be Alright,Some Of It
666,Wild Child,Gold,Drinkin' Problem,Bed,All To Myself
667,How Many Times,You Don't Own Me,1-800-273-8255,KOD,Callaita
668,Stitches,Hype,Privacy,Alone,24-Jul
669,The Matrimony,Try Everything,Love Galore,Hope,It's You
670,Planez,Champions,Down,Esskeetit,Rearview Town
671,Crushin' It,Peter Pan,Flatliner,TATI,Out The Mud
672,Ghost Town,Childs Play,Weak,Drowns The Whiskey,Call You Mine
673,Renegades,American Country Love Song,Loyalty.,Done For Me,Girls Need Love
674,Smoke,Make You Miss Me,Yours If You Want It,I Was Jack (You Were Diane),Soltera
675,Kiss You In The Morning,THat Part,Small Town Boy,Fake Love,Talk You Out Of It
676,Lay Me Down,Messin' Around,No Promises,Yikes,Trampoline
677,I Need Your Love,Light It Up,No Such Thing As A Broken Heart,Call Out My Name,Bacc At It Again
678,Energy,Still Here,Do I Make You Wanna,I Know You,Before I Let Go
679,Young & Crazy,Noise,Losin Control,Numb,Wish Wish
680,Pretty Girls,Think Of You,Butterfly Effect,Medicine,Raised On Country
681,Hell Of A Night,Grammys,Wokeuplikethis*,Praise The Lord (Da Shine),Wake Up
682,El Perdon (Forgiveness),"Sit Still, Look Pretty",Heavy,Sin Pijama,Otro Trago
683,B**** I'm Madonna,Fix,4:00 AM,High Hopes,Eyes On You
684,"John Cougar, John Deere, John 3:16",With You Tonight / Hasta El Amanecer,Bon Appetit,I Lived It,La La Land
685,Know Yourself,We Don't Talk Anymore,Black,Powerglide,Ocean Eyes
686,Marvin Gaye,Broccoli,Thunder,Lovely,Here With Me
687,Flashlight,Hymn For The Weekend,Most Girls,Coming Home,Love Someone
688,Beautiful Now,Kiss It Better,Escapate Conmigo,Life Goes On,Sanguine Paradise
689,This Could Be Us,Sweatshirt,Subeme La Radio,Zombie,Love Ain't
690,Hood Go Crazy,No Problem,Somebody Else Will,Overdose,Calma
691,Lose My Mind,Money Longer,Nobody Else But You,Life Changes,Only Human
692,Sparks,With You,What Ifs,"Woman, Amen",The Ones That Didn't Make It Back Home
693,Believe,My PYT,Good Drank,Born To Be Yours,Big Ole Freak
694,Coffee,Ophelia,It's A Vibe,The Light Is Coming,Tap
695,I Don't Get Tired (#IDGT),Might Not,Hometown Girl,OTW,You Stay
696,Tear In My Heart,Father Stretch My Hands Pt. 1,Reminder,Solo,Baila Baila Baila
697,Flicka Da Wrist,Toothbrush,Gyalchester,Take Back Home Girl,Cash Shit
698,Nasty,Different For Girls,Know No Better,Boss,Omerta
699,Good Thing,Faded,It Ain't My Fault,Sativa,Summer Days
700,Cheerleader,Cheap Thrills,Despacito,In My Feelings,Old Town Road
701,Can't Feel My Face,One Dance,Wild Thoughts,I Like It,Bad Guy
702,See You Again,This Is What You Came For,That's What I Like,Girls Like You,Senorita
703,Bad Blood,Can't Stop The Feeling!,I'm The One,FEFE,Talk
704,Watch Me,Don't Let Me Down,Unforgettable,Better Now,Truth Hurts
705,Trap Queen,Ride,Shape Of You,Nice For What,I Don't Care
706,Shut Up And Dance,Needed Me,Believer,Boo'd Up,Goodbyes
707,Fight Song,Don't Mind,There's Nothing Holdin' Me Back,Lucid Dreams,Sucker
708,Lean On,Panda,Body Like A Back Road,Psycho,Sunflower (Spider-Man: Into The Spider-Verse)
709,The Hills,Send My Love (To Your New Lover),Attention,Taste,If I Can't Have You
710,Hey Mama,Rise,Humble.,No Tears Left To Cry,No Guidance
711,Where Are U Now,Just Like Fire,Congratulations,Delicate,Suge
712,"Honey, I'm Good.",Work From Home,Redbone,God's Plan,Money In The Grave
713,Worth It,Me Too,Stay,Yes Indeed,The Git Up
714,Uptown Funk!,H.O.L.Y.,Something Just Like This,The Middle,You Need To Calm Down
715,Good For You,I Took A Pill In Ibiza,XO TOUR Llif3,Friends,"Hey Look Ma, I Made It"
716,Want To Want Me,Make Me...,Now Or Never,Perfect,Dancing With A Stranger
717,679,Controlla,Mask Off,Love Lies,Wow.
718,Post To Be,For Free,Slow Hands,Sad!,Ran$om
719,Sugar,Too Good,Say You Won't Let Go,Meant To Be,Someone You Loved
720,Photograph,Treat You Better,It Ain't Me,God Is A Woman,God's Country
721,Earned It (Fifty Shades Of Grey),Heathens,Castle On The Hill,Mine,Without Me
722,B**** Better Have My Money,Work,Sorry Not Sorry,In My Blood,The London
723,Thinking Out Loud,Into You,Location,Tequila,Beer Never Broke My Heart
724,Girl Crush,Never Be Like You,Strip That Down,Youngblood,Beautiful People
725,Talking Body,7 Years,Feels,Back To You,Pop Out
726,Classic Man,We Don't Talk Anymore,Fetish,One Kiss,Happier
727,All Eyes On You,All In My Head (Flex),Issues,Big Bank,Panini
728,Flex (Ooh Ooh Ooh),Stressed Out,Magnolia,Nonstop,How Do You Sleep?
729,You Know You Like It,I Got The Keys,Bad Liar,Apes**t,Speechless
730,Cool For The Summer,Sorry,Malibu,I Like Me Better,Sweet But Psycho
731,Love Me Like You Do,Let It Go,2U,Never Be The Same,Never Really Over
732,Elastic Heart,Low Life,Everyday We Lit,Mercy,7 Rings
733,Nasty Freestyle,Broccoli,Bank Account,Whatever It Takes,High Hopes
734,Slow Motion,I Hate U I Love U,Slippery,Get Along,Whiskey Glasses
735,Uma Thurman,Dangerous Woman,Closer,Simple,Shotta Flow
736,Kick The Dust Up,Love Yourself,In Case You Didn't Know,Natural,My Type
737,Take Your Time,My House,Drowning,I'm Upset,Knockin' Boots
738,House Party,Cake By The Ocean,My Girl,Moonlight,Rumor
739,Fun,Gold,Praying,Look Alive,Act Up
740,This Summer's Gonna Hurt...,Close,Rake It Up,Te Bote,All To Myself
741,Sangria,THat Part,Mi Gente,Drowns The Whiskey,Baby
742,Somebody,Lost Boy,Rolex,I Was Jack (You Were Diane),Better
743,Be Real,Wicked,Craving You,Sit Next To Me,GIRL
744,R.I.C.O.,Sorry,Bad And Boujee,This Is America,Going Bad
745,Tonight Looks Good On You,All The Way Up,iSpy,Be Careful,Sicko Mode
746,Shake It Off,Vice,Versace On The Floor,X,Shallow
747,Style,From The Ground Up,Felices Los 4,One Number Away,Con Calma
748,Crash And Burn,Never Forget You,Bodak Yellow (Money Moves),Life Changes,Middle Child
749,One Hell Of An Amen,Kill Em With Kindness,24K Magic,Coming Home,Clout
750,Love You Like That,Hymn For The Weekend,DNA.,Changes,Cash Shit
751,Like A Wrecking Ball,Church Bells,Small Town Boy,Eastside,China
752,Buy Me A Boat,Record Year,Love Galore,Mob Ties,Worth It
753,The Night Is Still Young,Toothbrush,Drinkin' Problem,Don't Matter To Me,Rearview Town
754,Marvin Gaye,Head Over Boots,1-800-273-8255,Bed,Callaita
755,Loving You Easy,Wherever I Go,It's A Vibe,Sober,Go Loko
756,Stitches,My PYT,Do I Make You Wanna,Take Back Home Girl,Just Us
757,Renegades,Lights Come On,Most Girls,All Girls Are The Same,ME!
758,Planez,Peter Pan,Thunder,"Sunrise, Sunburn, Sunset",Some Of It
759,Kiss You In The Morning,Make You Miss Me,Butterfly Effect,I Might Need Security,One Thing Right
760,"I Don't Like It, I Love It",Unsteady,4:44,Solo,Cross Me
761,"John Cougar, John Deere, John 3:16",Luv,Loyalty.,Jackie Chan,Antisocial
762,This Could Be Us,No Limit,Feel It Still,Hotel Key,Press
763,Commas,"Sit Still, Look Pretty",No Such Thing As A Broken Heart,I'm A Mess,Easier
764,Young & Crazy,Fix,What Ifs,Medicine,Talk You Out Of It
765,Crushin' It,Different For Girls,Flatliner,Growing Pains,Call You Mine
766,Bright,American Country Love Song,You Look Good,Wasted,Trampoline
767,Hell Of A Night,Girls Talk Boys,No Promises,Don't Go Breaking My Heart,The Ones That Didn't Make It Back Home
768,Lose My Mind,Uber Everywhere,First Day Out,Summertime Magic,The Archer
769,Wet Dreamz,Wake Up,Escapate Conmigo,Up Down,Earfquake
770,Like I'm Gonna Lose You,Famous,Yours If You Want It,Kiss Somebody,Raised On Country
771,Baby Be My Love Song,Pop Style,The Story Of O.J.,Sin Pijama,It's You
772,Love Me Like You Mean It,Lockjaw,Crying In The Club,Freaky Friday,Rodeo
773,Ghost Town,Money Longer,Passionfruit,You Say,Soltera
774,The Matrimony,She's Got A Way With Words,A Lie,Broken,La La Land
775,El Perdon (Forgiveness),Wasted Time,Privacy,Hooked,Brown Skin Girl
776,How Many Times,With You Tonight / Hasta El Amanecer,Love.,Level Up,Lalala
777,Good Thing,"Huntin', Fishin' & Lovin' Every Day",Down,Ocean,Only Human
778,Real Life,Sucker For Pain,Swalla,Remind Me To Forget,Otro Trago
779,Kings Never Die,You & Me,"God, Your Mama, And Me",OTW,24-Jul
780,Do It Again,Mama Said,Heartache On The Dance Floor,Best Part,Nightmare
781,Don't It,Brand New,Crew,1942,Hate Me
782,Beautiful Now,Duele El Corazon,4:00 AM,Ball For Me,No Me Conoce
783,Yoga,Body Say,Somebody Else Will,Cry Pretty,Cool
784,Sippin' On Fire,No,Every Time I Hear That Song,Ocean,Before I Let Go
785,Little Toy Guns,M.I.L.F. $,Jerika,Africa,I Don't Know About You
786,My Way,Why You Always Hatin?,The Cure,Break Up In The End,Tap
787,Alright,Night's On Fire,Signs,Jumpsuit,Under The Sun
788,Break Up With Him,No Shopping,Whatever You Need,Call Out My Name,Southbound
789,Should've Been Us,A Little More Summertime,Reminder,Nevermind,Mood 4 Eva
790,Ex's & Oh's,You Was Right,Young Dumb & Broke,All Mine,Wish Wish
791,Fly,Light It Up,El Amante,Narcos,Love Ain't
792,I Really Like You,No Problem,Weak,You Should See Me In A Crown,Baguettes In The Face
793,Burning House,Ophelia,It Ain't My Fault,Desperate Man,Ballin'
794,Tear In My Heart,Childs Play,Subeme La Radio,Hopeless Romantic,Calma
795,Lord Knows,"Wat U Mean (Aye, Aye, Aye)",Woman,Praise The Lord (Da Shine),Que Pretendes
796,I'm Comin' Over,Sex With Me,Rollin,Lie,Sanguine Paradise
797,Jump Out The Face,Come And See Me,Element.,Lose It,Tip Of My Tongue
798,Hood Go Crazy,Body,Glorious,Emotionless,South Of The Border
799,One Man Can Change The World,Lush Life,No Complaints,Can't Take A Joke,MEGATRON
800,Cheerleader,Closer,Despacito,In My Feelings,Truth Hurts
801,Can't Feel My Face,Cheap Thrills,Wild Thoughts,Girls Like You,Senorita
802,Watch Me,Cold Water,Bodak Yellow (Money Moves),I Like It,Bad Guy
803,Lean On,Heathens,Unforgettable,FEFE,You Need To Calm Down
804,The Hills,This Is What You Came For,Believer,Better Now,Old Town Road
805,Good For You,Ride,Attention,Lucid Dreams,Ran$om
806,Fight Song,One Dance,There's Nothing Holdin' Me Back,No Tears Left To Cry,No Guidance
807,679,Don't Let Me Down,That's What I Like,God Is A Woman,Talk
808,Trap Queen,Can't Stop The Feeling!,Shape Of You,Sicko Mode,I Don't Care
809,Shut Up And Dance,Send My Love (To Your New Lover),Body Like A Back Road,Taste,Lover
810,My Way,Needed Me,I'm The One,Love Lies,ME!
811,Bad Blood,Treat You Better,Bank Account,No Brainer,Goodbyes
812,See You Again,Into You,Strip That Down,Boo'd Up,Someone You Loved
813,Where Are U Now,Too Good,Congratulations,Yes Indeed,Money In The Grave
814,Photograph,For Free,Slow Hands,Youngblood,Sucker
815,Locked Away,Sucker For Pain,Redbone,Psycho,If I Can't Have You
816,Cool For The Summer,Panda,Humble.,Nice For What,Sunflower (Spider-Man: Into The Spider-Verse)
817,Uptown Funk!,We Don't Talk Anymore,XO TOUR Llif3,Nonstop,Suge
818,Worth It,Let Me Love You,Something Just Like This,Delicate,The Git Up
819,Want To Want Me,Never Be Like You,Feels,Perfect,Beautiful People
820,"Honey, I'm Good.",Broccoli,Mi Gente,Meant To Be,My Type
821,Classic Man,Controlla,Praying,Breathin,Boyfriend
822,Uma Thurman,Gold,Stay,Back To You,The Man
823,Post To Be,Just Like Fire,Rake It Up,Big Bank,Baby
824,Marvin Gaye,Me Too,Sorry Not Sorry,The Middle,The London
825,House Party,Work From Home,Feel It Still,Sad!,Dancing With A Stranger
826,Hey Mama,All In My Head (Flex),Location,God's Plan,Beer Never Broke My Heart
827,Flex (Ooh Ooh Ooh),I Hate U I Love U,Mask Off,I Like Me Better,I Forgot That You Existed
828,Sugar,H.O.L.Y.,What About Us,Natural,Cruel Summer
829,Thinking Out Loud,Luv,Say You Won't Let Go,Tequila,Pop Out
830,Drag Me Down,Don't Mind,Loyalty.,Eastside,Hot Girl Summer
831,Stitches,I Took A Pill In Ibiza,Now Or Never,Drowns The Whiskey,Without Me
832,Earned It (Fifty Shades Of Grey),No Limit,Versace On The Floor,Mine,Speechless
833,Hotline Bling,Stressed Out,It Ain't Me,Mercy,Knockin' Boots
834,Back To Back,Hymn For The Weekend,Love Galore,Stargazing,Wow.
835,Crash And Burn,"Sit Still, Look Pretty",Magnolia,Simple,How Do You Sleep?
836,Renegades,Tiimmy Turner,1-800-273-8255,Friends,"Hey Look Ma, I Made It"
837,Straight Outta Compton,Work,Small Town Boy,Barbie Dreams,The Archer
838,Kick The Dust Up,Rise,Castle On The Hill,One Kiss,Hot
839,Again,7 Years,Everyday We Lit,"Sunrise, Sunburn, Sunset",Panini
840,Hit The Quan,Low Life,Drowning,Never Be The Same,Trampoline
841,She's Kinda Hot,This Girl,Silence,In My Blood,Cash Shit
842,"I Don't Like It, I Love It",Gangsta,No Promises,Life Changes,7 Rings
843,Buy Me A Boat,I Got The Keys,What Ifs,Get Along,Only Human
844,B**** Better Have My Money,Unsteady,In Case You Didn't Know,I'm A Mess,Paper Rings
845,Love Me Like You Do,Love Yourself,Slippery,Apes**t,God's Country
846,All Eyes On You,Cake By The Ocean,It's A Vibe,Te Bote,Whiskey Glasses
847,"John Cougar, John Deere, John 3:16",Peter Pan,Fetish,Moonlight,All To Myself
848,Talking Body,From The Ground Up,Young Dumb & Broke,Break Up In The End,Miss Americana & The Heartbreak Prince
849,Boyz-N-The Hood,Make You Miss Me,No Such Thing As A Broken Heart,Beautiful,Shotta Flow
850,Planez,Make Me...,Drinkin' Problem,Broken,I Think He Knows
851,Nasty Freestyle,Purple Lamborghini,The Race,Hotel Key,Good As Hell
852,This Could Be Us,Different For Girls,Felices Los 4,Yosemite,The Ones That Didn't Make It Back Home
853,Like A Wrecking Ball,THat Part,Crew,Africa,Bad Bad Bad
854,Loving You Easy,Mama Said,Heartache On The Dance Floor,Sweetener,On Chill
855,Young & Crazy,My PYT,Back To You,You Say,Rearview Town
856,Like I'm Gonna Lose You,You Don't Own Me,Thunder,Drew Barrymore,Cornelia Street
857,Lose My Mind,Setting The World On Fire,Butterfly Effect,Jackie Chan,China
858,Hell Of A Night,Wicked,Somebody Else Will,Solo,One Thing Right
859,Rotten To The Core,Sorry,Craving You,Hooked,Otro Trago
860,How Deep Is Your Love,American Country Love Song,Whatever You Need,All Girls Are The Same,Queen Of Mean
861,Strip It Down,Starving,Do I Make You Wanna,Everytime,London Boy
862,Be Real,Money Longer,Do Re Mi,Happier,Soon You'll Get Better
863,Should've Been Us,Record Year,2U,Medicine,Slide Away
864,High By The Beach,Come And See Me,You Look Good,Promises,Easier
865,Beautiful Now,"Wat U Mean (Aye, Aye, Aye)",DNA.,Remind Me To Forget,Motivation
866,Ex's & Oh's,No Shopping,Most Girls,Trip,Death By A Thousand Cuts
867,Black Magic,Kill Em With Kindness,When It Rains It Pours,Lean Wit Me,I Don't Know About You
868,Save It For A Rainy Day,Vice,Escapate Conmigo,Level Up,Callaita
869,Burning House,She's Got A Way With Words,Love.,I'm Upset,F.N
870,Comfortable,Why You Always Hatin?,Glorious,1942,Lalala
871,El Perdon (Forgiveness),You & Me,My Girl,R.E.M,Time
872,Cheyenne,With You Tonight / Hasta El Amanecer,Unforgettable,That's On Me,Living
873,Love Myself,Father Stretch My Hands Pt. 1,Flatliner,She Got The Best Of Me,Prayed For You
874,Fly,It Don't Hurt Like It Used To,The Weekend,Lose It,Afterglow
875,Kiss You In The Morning,Look Alive,Reminder,Don't Go Breaking My Heart,Southbound
876,Ghost Town,Uber Everywhere,Honest,Blue Tacoma,False God
877,Anything Goes,Church Bells,Malibu,Chanel (Go Get It),It's You
878,Here,You Look Like I Need A Drink,It Ain't My Fault,Changes,Call You Mine
879,R.I.C.O.,Chill Bill,All The Pretty Girls,Taking A Walk,Hate Me
880,Break Up With Him,Hit Or Miss,New Rules,Side Effects,Love You Too Late
881,Sangria,Fix,They Don't Know,Best Part,Juice
882,Omen,Lockjaw,Bad Liar,Drunk Me,Ballin'
883,I'm Comin' Over,Middle Of A Memory,First Day Out,Cry Pretty,Go Loko
884,Where Ya At,Toothbrush,Every Little Thing,Ring,Press
885,The Fix,Pop Style,Patty Cake,Kiss Somebody,No Me Conoce
886,Do It Again,No Problem,Wish I Knew You,Goodnight N Go,Playing Games
887,Real Life,Duele El Corazon,More Girls Like You,Made For Now,Tip Of My Tongue
888,Wet Dreamz,Lights Come On,B.E.D.,The Light Is Coming,Daylight
889,Let Me See Ya Girl,Pick Up The Phone,4:00 AM,High Hopes,Raised On Country
890,One Hell Of An Amen,Do You Mind,Privacy,Bed,One Man Band
891,One Man Can Change The World,You Was Right,Something New,Growing Pains,It's Nice To Have A Friend
892,Tonight Looks Good On You,In The Name Of Love,Perplexing Pegasus,Take Back Home Girl,Right Back
893,Alright,1 Night,For Her,Desperate Man,Never Really Over
894,Nothin' Like You,Wishing,Untouchable,This Is America,Baguettes In The Face
895,Fun,Castaway,It's Goin' Down,W O R K I N  M E,Earfquake
896,Gonna Wanna Tonight,No Money,I Could Use A Love Song,Lie,Soltera
897,100,Rock On,Fix A Drink,Sin Pijama,Baby Sitter
898,How Many Times,Wasted Time,El Amante,Pete Davidson,Did It Again
899,Fly Away,Sex With Me,Wokeuplikethis*,Chun-Li,Buy My Own Drinks
900,The Hills,Closer,Bodak Yellow (Money Moves),Girls Like You,Truth Hurts
901,What Do You Mean?,Heathens,Rockstar,Lucid Dreams,Senorita
902,Can't Feel My Face,Cold Water,Look What You Made Me Do,Better Now,Someone You Loved
903,Watch Me,Cheap Thrills,1-800-273-8255,In My Feelings,Ran$om
904,Good For You,Don't Let Me Down,Despacito,Killshot,No Guidance
905,Locked Away,Let Me Love You,Unforgettable,Sicko Mode,Panini
906,679,This Is What You Came For,Believer,I Like It,Bad Guy
907,Cheerleader,Treat You Better,Rake It Up,FEFE,Circles
908,Hotline Bling,Ride,Attention,I Love It,Goodbyes
909,Lean On,Send My Love (To Your New Lover),Feel It Still,Youngblood,Old Town Road
910,Photograph,Needed Me,Slow Hands,Taste,I Don't Care
911,Stitches,Broccoli,Wild Thoughts,Love Lies,Talk
912,Wildest Dreams,We Don't Talk Anymore,Strip That Down,Falling Down,Sunflower (Spider-Man: Into The Spider-Verse)
913,Cool For The Summer,One Dance,There's Nothing Holdin' Me Back,Natural,Sucker
914,My Way,Perfect Illusion,Sorry Not Sorry,Happier,Beautiful People
915,Downtown,Too Good,Too Good At Goodbyes,Nonstop,Money In The Grave
916,Trap Queen,Into You,Bank Account,No Brainer,INTRO
917,Fight Song,Can't Stop The Feeling!,Shape Of You,Trip,Suge
918,Where Are U Now,Side To Side,Mi Gente,Back To You,Boyfriend
919,Shut Up And Dance,Gold,That's What I Like,God Is A Woman,Hot Girl Summer
920,Hit The Quan,Luv,XO TOUR Llif3,Perfect,Baby
921,Marvin Gaye,Sucker For Pain,I Get The Bag,Yes Indeed,Memories
922,See You Again,I Hate U I Love U,What Lovers Do,Boo'd Up,You Need To Calm Down
923,Drag Me Down,The Greatest,Body Like A Back Road,New Patek,My Type
924,Uma Thurman,Panda,Humble.,Drip Too Hard,Take What You Want
925,All Eyes On You,Hymn For The Weekend,What About Us,Big Bank,How Do You Sleep?
926,Uptown Funk!,For Free,Young Dumb & Broke,Eastside,Dancing With A Stranger
927,Renegades,Never Be Like You,Praying,Lucky You,Only Human
928,Bad Blood,Unsteady,Something Just Like This,Delicate,On Chill
929,Love Myself,Controlla,Thunder,Meant To Be,The Git Up
930,Flex (Ooh Ooh Ooh),This Girl,Location,Mo Bamba,If I Can't Have You
931,Want To Want Me,"Sit Still, Look Pretty",What Ifs,No Tears Left To Cry,Trampoline
932,Back To Back,Starving,Love Galore,Sad!,Wow.
933,Ex's & Oh's,Tiimmy Turner,...Ready For It?,I Like Me Better,Without Me
934,Worth It,Work From Home,Friends,Psycho,Hot
935,Earned It (Fifty Shades Of Grey),Just Like Fire,Congratulations,I'm A Mess,Enemies
936,Thinking Out Loud,No Limit,Say You Won't Let Go,The Middle,Camelot
937,"Honey, I'm Good.",Stressed Out,Redbone,Wake Up In The Sky,223's
938,Classic Man,Peter Pan,I'm The One,Nice For What,I Don't Know About You
939,Strip It Down,Setting The World On Fire,Small Town Boy,Rap Devil,The London
940,"John Cougar, John Deere, John 3:16",Work,Loyalty.,Broken,Cash Shit
941,Buy Me A Boat,Different For Girls,Stay,Simple,Pop Out
942,Same Old Love,I Took A Pill In Ibiza,Feels,Beautiful,Good As Hell
943,House Party,Low Life,When It Rains It Pours,Tequila,Lover
944,Like I'm Gonna Lose You,7 Years,No Promises,God's Plan,Beer Never Broke My Heart
945,How Deep Is Your Love,Mama Said,Crew,High Hopes,Speechless
946,Where Ya At,Fade,Heartache On The Dance Floor,No Stylist,One Thing Right
947,Post To Be,Pick Up The Phone,Mask Off,She Got The Best Of Me,Saint-Tropez
948,Sugar,H.O.L.Y.,Unforgettable,Ring,Time
949,Again,Chill Bill,Jocelyn Flores,Hotel Key,Knockin' Boots
950,Planez,In The Name Of Love,Do Re Mi,Drew Barrymore,Living
951,Lose My Mind,All In My Head (Flex),The Weekend,Blue Tacoma,Don't Call Me Angel (Charlie's Angels)
952,Crash And Burn,Me Too,New Rules,You Say,Hollywood's Bleeding
953,Save It For A Rainy Day,Money Longer,The Race,Jackie Chan,Prayed For You
954,Here,It Don't Hurt Like It Used To,Transportin',Africa,Liar
955,Levels,Father Stretch My Hands Pt. 1,Silence,Smile (Living My Best Life),Ballin'
956,El Perdon (Forgiveness),Make You Miss Me,Butterfly Effect,Better,Heat
957,Comfortable,Don't Mind,The Way Life Goes,Breathin,Even Though I'm Leaving
958,This Could Be Us,I Got The Keys,Roll In Peace,"Sunrise, Sunburn, Sunset",Die For Me
959,Burning House,Vice,It's A Vibe,Break Up In The End,Graveyard
960,Fly,You & Me,Bad At Love,The Way I Am,Motivation
961,Break Up With Him,Scars To Your Beautiful,Glorious,Lie,China
962,Anything Goes,No Problem,Dusk Till Dawn,Lose It,On The Road
963,"I Don't Like It, I Love It",Middle Of A Memory,Havana,Head Above Water,One Man Band
964,Smoke Break,Rock On,F**k Love,W O R K I N  M E,Love You Too Late
965,Right Hand,THat Part,Too Much To Ask,Medicine,Southbound
966,Ghost Town,OOOUUU,Curve,Drunk Me,Otro Trago
967,Black Magic,"Wat U Mean (Aye, Aye, Aye)",All The Pretty Girls,Promises,Good Vibes
968,I'm Comin' Over,A Little More Summertime,Sauce It Up,That's On Me,Lalala
969,No Role Modelz,Caroline,Escapate Conmigo,Barbie Dreams,Callaita
970,White Iverson,I Met A Girl,Gucci Gang,Thunderclouds,Baby Sitter
971,Kick The Dust Up,Rise,Felices Los 4,All Girls Are The Same,The Ones That Didn't Make It Back Home
972,Antidote,Blue Ain't Your Color,B.E.D.,Fall,Bad Bad Bad
973,Let Me See Ya Girl,Gangsta,They Don't Know,This Feeling,Playing Games
974,Nothin' Like You,Deja Vu,Greatest Love Story,Best Part,Every Little Thing
975,Gonna Wanna Tonight,Make Me...,Every Little Thing,Dangerous,Tip Of My Tongue
976,Acquainted,Why You Always Hatin?,No Such Thing As A Broken Heart,Speechless,Right Back
977,Liquor,Purple Lamborghini,Back To You,Life Changes,No Me Conoce
978,Tell Your Friends,She's Got A Way With Words,Pills And Automobiles,Hooked,Hot Girl Bummer
979,Hell Of A Night,Move,Whatever You Need,Drowns The Whiskey,Self Control
980,Alright,Too Much Sauce,Love So Soft,Leave Me Alone,What Happens In A Small Town
981,She's Kinda Hot,Come And See Me,Relationship,Drunk Girl,F.N
982,About You,1 Night,More Girls Like You,Noticed,Behind Barz
983,R.I.C.O.,My PYT,Questions,Yosemite,Did It Again
984,Blase,I Know Somebody,DNA,Hangin' On,Remember You Young
985,Gonna,May We All,Light It Up,Best Shot,Adicto
986,Nothing But Trouble (Instagram Models),Childs Play,Fetish,Stargazing,Hate Me
987,Hold My Hand,Hold Up,I'll Name The Dogs,BEBE,A Thousand Bad Times
988,Real Life,Sleep Without You,Perfect,Lean Wit Me,What If I Never Get Over You
989,100,American Country Love Song,I Could Use A Love Song,Self Care,Wish Wish
990,Should've Been Us,You Look Like I Need A Drink,It Ain't My Fault,OTW,We Were
991,Firestone,With You Tonight / Hasta El Amanecer,Homemade Dynamite,Backin' It Up,Higher Love
992,Loving You Easy,Wishing,Drinkin' Problem,Remind Me To Forget,Stuck In A Dream
993,Ginza,Grass Ain't Greener,Fix A Drink,Desperate Man,It's You
994,New Americana,Do You Mind,Do I Make You Wanna,The Ringer,Slide Away
995,Prisoner,Black Beatles,Everybody Dies In Their Nightmares,Rich,Loco Contigo
996,Hide Away,No Shopping,No Limit,Apes**t,Shameless
997,Dark Times,X,These Heaux,Hopeless Romantic,Queen Of Mean
998,Cecilia And The Satellite,You Was Right,Wish I Knew You,Solo,Rearview Town
999,Come Get Her,You Don't Own Me,No Complaints,Vaina Loca,The Bones
1000,The Hills,Closer,Rockstar,Girls Like You,Someone You Loved
1001,Hotline Bling,Starboy,Bodak Yellow (Money Moves),Sicko Mode,Truth Hurts
1002,What Do You Mean?,Heathens,1-800-273-8255,Lucid Dreams,Senorita
1003,Stitches,Let Me Love You,Feel It Still,Happier,Circles
1004,Wildest Dreams,Broccoli,Thunder,Better Now,No Guidance
1005,679,24K Magic,Mi Gente,ZEZE,Panini
1006,Can't Feel My Face,Cold Water,Sorry Not Sorry,Youngblood,HIGHEST IN THE ROOM
1007,Locked Away,Side To Side,Too Good At Goodbyes,Drip Too Hard,Ran$om
1008,Watch Me,Don't Wanna Know,Unforgettable,Sunflower (Spider-Man: Into The Spider-Verse),Bad Guy
1009,Perfect,Treat You Better,Look What You Made Me Do,Love Lies,"10,000 Hours"
1010,Lean On,I Hate U I Love U,I Get The Bag,Taki Taki,Memories
1011,Jumpman,Cheap Thrills,Attention,Without Me,Bandit
1012,Downtown,Juju On That Beat (TZ Anthem),What About Us,MIA,Beautiful People
1013,Good For You,Gold,Believer,Shallow,Good As Hell
1014,Ex's & Oh's,Don't Let Me Down,Despacito,Natural,Lose You To Love Me
1015,Same Old Love,Ride,Bank Account,Mo Bamba,I Don't Care
1016,Renegades,This Is What You Came For,Rake It Up,I Like It,Goodbyes
1017,Like I'm Gonna Lose You,Starving,Perfect,Trip,Old Town Road
1018,On My Mind,Can't Stop The Feeling!,What Lovers Do,Taste,Trampoline
1019,Here,Luv,Havana,Eastside,Only Human
1020,Hit The Quan,OOOUUU,Strip That Down,High Hopes,Sunflower (Spider-Man: Into The Spider-Verse)
1021,Cheerleader,Black Beatles,Shape Of You,Nonstop,Talk
1022,Trap Queen,One Dance,There's Nothing Holdin' Me Back,In My Feelings,Sucker
1023,Drag Me Down,Send My Love (To Your New Lover),Slow Hands,God Is A Woman,On Chill
1024,Photograph,The Greatest,Young Dumb & Broke,FEFE,Money In The Grave
1025,My Way,Needed Me,What Ifs,Fine China,Playing Games
1026,See You Again,Sucker For Pain,Gucci Gang,Yes Indeed,Ballin'
1027,Where Ya At,Too Good,Praying,Back To You,Suge
1028,How Deep Is Your Love,We Don't Talk Anymore,I Fall Apart,Big Bank,How Do You Sleep?
1029,Uptown Funk!,Unsteady,That's What I Like,Broken,Baby
1030,Confident,Hymn For The Weekend,Wild Thoughts,Beautiful,Hot
1031,Strip It Down,Caroline,Bad At Love,Boo'd Up,One Man Band
1032,Shut Up And Dance,"Sit Still, Look Pretty",When It Rains It Pours,Uproar,Dancing With A Stranger
1033,Fight Song,Tiimmy Turner,Congratulations,Better,Even Though I'm Leaving
1034,Antidote,My Way,Humble.,I Love It,Hot Girl Summer
1035,Die A Happy Man,Scars To Your Beautiful,XO TOUR Llif3,I'm A Mess,One Thing Right
1036,Where Are U Now,Setting The World On Fire,Something Just Like This,She Got The Best Of Me,You Need To Calm Down
1037,Love Myself,Panda,New Rules,Delicate,Lover
1038,Thinking Out Loud,Chill Bill,Body Like A Back Road,Wake Up In The Sky,Camelot
1039,Back To Back,Blue Ain't Your Color,Do Re Mi,I Like Me Better,My Type
1040,Again,Into You,Love Galore,Breathin,Prayed For You
1041,Cool For The Summer,In The Name Of Love,No Limit,Close Friends,Time
1042,All Eyes On You,No Problem,Location,Sad!,Heat
1043,White Iverson,All We Know,Silence,Psycho,Graveyard
1044,Want To Want Me,Controlla,The Weekend,Ring,223's
1045,Sugar,Middle Of A Memory,Say You Won't Let Go,Tequila,Wow.
1046,Break Up With Him,For Free,Crew,The Middle,Lonely Child
1047,Levels,No Limit,Unforgettable,STOOPID,Good Vibes
1048,Flex (Ooh Ooh Ooh),Work From Home,No Promises,Never Recover,Love You Too Late
1049,Worth It,May We All,Every Little Thing,No Tears Left To Cry,Take What You Want
1050,Burning House,Pick Up The Phone,Butterfly Effect,Lie,Dance Monkey
1051,I'm Comin' Over,1 Night,...Ready For It?,Speechless,Liar
1052,No Role Modelz,Move,Small Town Boy,Leave Me Alone,The Git Up
1053,Marvin Gaye,X,Greatest Love Story,Money,I Don't Know About You
1054,Anything Goes,Do You Mind,Pills And Automobiles,Mona Lisa,BOP
1055,Smoke Break,I Know Somebody,The Way Life Goes,Lose It,Hot Girl Bummer
1056,Big Rings,A Little More Summertime,Roll In Peace,Always Remember Us This Way,VIBEZ
1057,Come Get Her,Money Longer,The Race,Smile (Living My Best Life),Make No Sense
1058,Break Up In A Small Town,All Time Low,Love So Soft,W O R K I N  M E,Baby Sitter
1059,Liquor,Come And See Me,How Long,Jackie Chan,Cash Shit
1060,Let Me See Ya Girl,Sleep Without You,Plain Jane,Best Shot,Every Little Thing
1061,Back Up,It Don't Hurt Like It Used To,Jocelyn Flores,Lost In Japan,Self Control
1062,Comfortable,Too Much Sauce,Transportin',Drunk Me,F.N
1063,Nothin' Like You,Fade,Glorious,Drew Barrymore,The Bones
1064,Don't,This Town,Relationship,When The Party's Over,Enemies
1065,Diamonds Dancing,Vice,More Girls Like You,Falling Down,Lights Up
1066,Lose My Mind,HandClap,Light It Up,I'll Never Love Again,INTRO
1067,Right Hand,False Alarm,It's A Vibe,No Stylist,What Happens In A Small Town
1068,RGF Island,Song For Another Time,Dusk Till Dawn,Dangerous,Hate Me
1069,Blase,Key To The Streets,I'll Name The Dogs,Blue Tacoma,All Dat
1070,Save It For A Rainy Day,You Was Right,Curve,Hangin' On,China
1071,This Could Be Us,Blow Your Mind (Mwah),Escapate Conmigo,Jet Lag,Come Thru
1072,Gonna Wanna Tonight,Dirty Laundry,Heartache On The Dance Floor,No Brainer,Living
1073,Lay It All On Me,Fresh Eyes,Let Me Go,Venom,Tip Of My Tongue
1074,Gonna,This Girl,F**k Love,You Say,Motivation
1075,The Fix,Wanna Be That Song,Go Flex,Break Up In The End,Make It Right
1076,Digital Dash,Wishing,Fix A Drink,Promises,Leave Em Alone
1077,"John Cougar, John Deere, John 3:16",Capsize,Like I Loved You,Lucky You,Hot Now
1078,Cake By The Ocean,All Eyez,All The Pretty Girls,Killshot,Rich As Hell
1079,Stay A Little Longer,Bad Things,Losing Sleep,Noticed,Remember You Young
1080,Stressed Out,"Wat U Mean (Aye, Aye, Aye)",Sauce It Up,Rich,We Were
1081,Scholarships,Hold Up,High End,Astronauts,Otro Trago
1082,Powerful,Different For Girls,I Could Use A Love Song,Saturday Nights,Kinfolks
1083,Ginza,Mercy,Yours,Hotel Key,Lalala
1084,Hide Away,Ain't My Fault,Sky Walker,Best Part,Higher Love
1085,Nothing But Trouble (Instagram Models),THat Part,B.E.D.,That's On Me,In Control
1086,New Americana,CRZY,Let You Down,Drunk Girl,Heartache Medication
1087,100,Why You Always Hatin?,Friends,Suncity,Hot Shower
1088,Hold My Hand,All In My Head (Flex),Questions,Vertigo,Callaita
1089,Say It,Gangsta,Lights Down Low,New Patek,Nice To Meet Ya
1090,I Got The Boy,Rock On,Too Hotty,Yacht Club,Don't Call Me Angel (Charlie's Angels)
1091,Gonna Know We Were Here,You & Me,Smooth,Make It Back,Carter Son
1092,Live From The Gutter,Alone,Round Here Buzz,Kiss And Make Up,La Cancion
1093,Top Of The World,I Met A Girl,Feels,Desperate Man,What If I Never Get Over You
1094,Roses,80s Mercedes,Stunting Ain't Nuthin,Backin' It Up,I'll Kill You
1095,I'm The Plug,I Got The Keys,You Broke Up With Me,Africa,TOES
1096,Home,Lockjaw,Mayores,Electricity,Somebody
1097,Irresistible,My Sh*t,Ask Me How I Know,Get Dripped,DHL
1098,Can't Sleep Love,How I'll Always Be,They Don't Know,Drowns The Whiskey,Boyfriend
1099,$ave Dat Money,Goosebumps,Do I Make You Wanna,Burning Man,Wish Wish
1100,Hello,Black Beatles,Rockstar,"Thank U, Next", 
1101,Sorry,Closer,Havana,Sicko Mode, 
1102,Hotline Bling,Starboy,Gucci Gang,Happier, 
1103,Love Yourself,Side To Side,Thunder,Without Me, 
1104,What Do You Mean?,Heathens,Bodak Yellow (Money Moves),Lucid Dreams, 
1105,The Hills,24K Magic,Too Good At Goodbyes,High Hopes, 
1106,Stitches,Let Me Love You,Perfect,Mo Bamba, 
1107,679,Juju On That Beat (TZ Anthem),1-800-273-8255,Girls Like You, 
1108,Wildest Dreams,Broccoli,Feel It Still,Drip Too Hard, 
1109,Here,Don't Wanna Know,Mi Gente,ZEZE, 
1110,Like I'm Gonna Lose You,I Hate U I Love U,What Lovers Do,Better Now, 
1111,Ex's & Oh's,Caroline,Sorry Not Sorry,Youngblood, 
1112,Same Old Love,Cold Water,No Limit,Breathin, 
1113,Focus,Fake Love,Walk On Water,Wake Up In The Sky, 
1114,On My Mind,Starving,MotorSport,Trip, 
1115,Jumpman,Treat You Better,I Get The Bag,Sunflower (Spider-Man: Into The Spider-Verse), 
1116,Can't Feel My Face,Scars To Your Beautiful,Bad At Love,Eastside, 
1117,Watch Me,Can't Stop The Feeling!,...Ready For It?,MIA, 
1118,I'll Show You,Cheap Thrills,New Rules,Love Lies, 
1119,Locked Away,The Greatest,What About Us,Natural, 
1120,Lean On,Unsteady,Unforgettable,Money, 
1121,WTF (Where They From),OOOUUU,Despacito,Taki Taki, 
1122,Antidote,Don't Let Me Down,Rake It Up,Shallow, 
1123,Uptown Funk!,Blue Ain't Your Color,Attention,I Like It, 
1124,Die A Happy Man,This Is What You Came For,I Fall Apart,In My Feelings, 
1125,Renegades,In The Name Of Love,Believer,God Is A Woman, 
1126,Hit The Quan,Gold,Bank Account,Taste, 
1127,White Iverson,Ride,Praying,Leave Me Alone, 
1128,Trap Queen,Chill Bill,Young Dumb & Broke,All I Want For Christmas Is You, 
1129,Great Is Thy Faithfulness,May We All,Shape Of You,Beautiful, 
1130,The Feeling,Used To This,Look What You Made Me Do,Yes Indeed, 
1131,Good For You,Needed Me,Strip That Down,Nonstop, 
1132,I'm Comin' Over,One Dance,There's Nothing Holdin' Me Back,Speechless, 
1133,Where Are U Now,Do You Mind,That's What I Like,She Got The Best Of Me, 
1134,Where Ya At,All Time Low,Slow Hands,Broken, 
1135,Confident,X,Congratulations,Tequila, 
1136,Perfect,Sucker For Pain,The Way Life Goes,Uproar, 
1137,Don't,Tiimmy Turner,The Weekend,FEFE, 
1138,My Way,Send My Love (To Your New Lover),When It Rains It Pours,BAD!, 
1139,Drag Me Down,Luv,How Long,Lose It, 
1140,See You Again,Love Me Now,Love.,Ring, 
1141,Mark My Words,Panda,Do Re Mi,Boo'd Up, 
1142,Purpose,No Problem,What Ifs,Better, 
1143,Break Up In A Small Town,Sneakin',Silence,I Like Me Better, 
1144,Again,Pick Up The Phone,Greatest Love Story,Psycho, 
1145,Photograph,Bad Things,Pills And Automobiles,Sad!, 
1146,Cheerleader,Mercy,Humble.,Best Shot, 
1147,How Deep Is Your Love,Too Good,XO TOUR Llif3,Lie, 
1148,No Pressure,We Don't Talk Anymore,Something Just Like This,Arms Around You, 
1149,Lay It All On Me,Love On The Brain,Crew,Bohemian Rhapsody, 
1150,Say It,Sleep Without You,Wolves,Dangerous, 
1151,No Role Modelz,Middle Of A Memory,Let You Down,When The Party's Over, 
1152,Company,1 Night,Meant To Be,Armed And Dangerous, 
1153,No Sense,A Little More Summertime,Plain Jane,Lost In Japan, 
1154,Back Up,Come And See Me,Unforgettable,Drunk Me, 
1155,Smoke Break,Hallelujah,Ric Flair Drip,That's On Me, 
1156,Downtown,You Was Right,Ghostface Killers,Close Friends, 
1157,Burning House,Setting The World On Fire,Gummo,You Say, 
1158,Do It Like Me,Hallelujah,Roll In Peace,I'm A Mess, 
1159,Nothin' Like You,Bounce Back,Light It Up,Smile (Living My Best Life), 
1160,Gonna,This Town,Love So Soft,Topanga, 
1161,Roses,Song For Another Time,Like I Loved You,Rich, 
1162,Blase,Too Much Sauce,I'll Name The Dogs,10 Freaky Girls, 
1163,Break Up With Him,Wanna Be That Song,Sky Walker,Fine China, 
1164,Come Get Her,No Heart,Wanted You,Backin' It Up, 
1165,Tennessee Whiskey,Fade,Let Me Go,No Stylist, 
1166,Life Is Worth Living,Fresh Eyes,Fix A Drink,Hangin' On, 
1167,Back To Back,All We Know,Good Old Days,1400 / 999 Freestyle, 
1168,Stressed Out,Me And Your Mama,Female,Burning Man, 
1169,Strip It Down,Better Man,Dusk Till Dawn,Never Recover, 
1170,The Fix,Dirty Laundry,The Race,Dip, 
1171,Adventure Of A Lifetime,Look Alive,Every Little Thing,Talk To Me, 
1172,Gonna Know We Were Here,Move,Call It What You Want,This Feeling, 
1173,Children,My Way,Losing Sleep,Space Cadet, 
1174,Hide Away,Say You Won't Let Go,Yours,I Love It, 
1175,Big Rings,Bad And Boujee,Lights Down Low,Be Alright, 
1176,Stay A Little Longer,We The People....,Round Here Buzz,Blue Tacoma, 
1177,Exchange,HandClap,Candy Paint,Don't Come Out The House, 
1178,Liquor,Ain't My Fault,Lemon,Ella Quiere Beber, 
1179,Let Me See Ya Girl,Capsize,Rubbin Off The Paint,Lovely, 
1180,Been You,Key To The Streets,I Could Use A Love Song,Take One, 
1181,I Got The Boy,Star Of The Show,F**k Love,Consequences, 
1182,If I Could Fly,What They Want,Jocelyn Flores,Best Part, 
1183,Love Myself,Vice,Mayores,Falling Down, 
1184,Top Of The World,Litty,Ask Me How I Know,STOOPID, 
1185,In The Night,Setting Fires,Relationship,W O R K I N  M E, 
1186,Olivia,Selfish,Transportin',Sixteen, 
1187,We Are,How I'll Always Be,Rap Saved Me,Good Girl, 
1188,"Me, Myself & I",My Sh*t,Gorgeous,Lucky You, 
1189,Get Used To It,80s Mercedes,Sauce It Up,Last Shot, 
1190,Right Hand,It Don't Hurt Like It Used To,Questions,Mona Lisa, 
1191,I Love This Life,Sex With Me,Smooth,Twerk, 
1192,Cake By The Ocean,PPAP (Pen-Pineapple-Apple-Pen),Betrayed,Noticed, 
1193,A.M.,Water Under The Bridge,You Broke Up With Me,Electricity, 
1194,RGF Island,Shout Out To My Ex,Broken Halos,Desperate Man, 
1195,Temporary Fix,Greenlight,The Plan,Millionaire, 
1196,I Know What You Did Last Summer,A Guy With A Girl,Pick It Up,Ocean Eyes, 
1197,Trust,Wishing,Go Flex,Close To Me, 
1198,My House,Call On Me,Too Much To Ask,Girl Like You, 
1199,Never Enough,Goosebumps,Patek Water,Burn The House Down, 